Line #,State abbreviation,State name,Congressional district, Citizen voting-age population Estimate , Citizen voting-age population Margin of error (MOE) , Men Estimate , Men Margin of error (MOE) , Men Percent of total , Men Percent of total margin of error (MOE) , Women Estimate , Women Margin of error (MOE) , Women Percent of total , Women Percent of total margin of error (MOE) ,Poverty universe1,Poverty universe margin of error (MOE), Below poverty level Estimate , Below poverty level Margin of error (MOE) , Below poverty level Percent of total , Below poverty level Percent of total margin of error (MOE) ,,,,,,,,,,,
1,AL,Alabama,1," 544,464 "," 3,424 "," 256,603 "," 2,312 ", 47.1 , 0.3 ," 287,861 "," 2,175 ", 52.9 , 0.3 ," 532,906 "," 4,244 "," 76,483 "," 6,772 ", 14.4 , 1.3 ,,,,,,,,,,,
2,AL,Alabama,2," 516,295 "," 5,674 "," 243,971 "," 3,467 ", 47.3 , 0.4 ," 272,324 "," 3,369 ", 52.7 , 0.4 ," 498,215 "," 6,078 "," 75,815 "," 5,500 ", 15.2 , 1.1 ,,,,,,,,,,,
3,AL,Alabama,3," 543,854 "," 4,099 "," 261,066 "," 2,813 ", 48.0 , 0.3 ," 282,788 "," 2,387 ", 52.0 , 0.3 ," 526,264 "," 4,581 "," 88,748 "," 6,737 ", 16.9 , 1.3 ,,,,,,,,,,,
4,AL,Alabama,4," 515,701 "," 4,678 "," 248,166 "," 3,029 ", 48.1 , 0.3 ," 267,535 "," 2,859 ", 51.9 , 0.3 ," 509,407 "," 4,836 "," 70,775 "," 4,705 ", 13.9 , 0.9 ,,,,,,,,,,,
5,AL,Alabama,5," 551,968 "," 2,121 "," 267,633 "," 1,788 ", 48.5 , 0.2 ," 284,335 "," 1,610 ", 51.5 , 0.2 ," 537,668 "," 2,826 "," 61,196 "," 5,668 ", 11.4 , 1.1 ,,,,,,,,,,,
6,AL,Alabama,6," 535,753 "," 7,635 "," 255,440 "," 5,227 ", 47.7 , 0.5 ," 280,313 "," 4,313 ", 52.3 , 0.5 ," 524,830 "," 7,733 "," 48,300 "," 4,906 ", 9.2 , 1.0 ,,,,,,,,,,,
7,AL,Alabama,7," 504,177 "," 9,052 "," 230,516 "," 5,232 ", 45.7 , 0.6 ," 273,661 "," 5,749 ", 54.3 , 0.6 ," 481,363 "," 9,041 "," 103,655 "," 6,623 ", 21.5 , 1.4 ,,,,,,,,,,,
8,AK,Alaska,At-large," 532,244 "," 2,539 "," 279,792 "," 1,890 ", 52.6 , 0.3 ," 252,452 "," 2,008 ", 47.4 , 0.3 ," 519,019 "," 2,513 "," 51,051 "," 4,246 ", 9.8 , 0.8 ,,,,,,,,,,,
9,AZ,Arizona,1," 568,661 "," 9,203 "," 283,123 "," 6,171 ", 49.8 , 0.6 ," 285,538 "," 4,989 ", 50.2 , 0.6 ," 536,962 "," 8,900 "," 89,883 "," 5,688 ", 16.7 , 1.0 ,,,,,,,,,,,
10,AZ,Arizona,2," 550,044 "," 9,439 "," 267,865 "," 6,098 ", 48.7 , 0.6 ," 282,179 "," 5,352 ", 51.3 , 0.6 ," 533,913 "," 9,463 "," 62,901 "," 5,465 ", 11.8 , 0.9 ,,,,,,,,,,,
11,AZ,Arizona,3," 500,787 "," 12,277 "," 256,566 "," 8,010 ", 51.2 , 0.9 ," 244,221 "," 7,182 ", 48.8 , 0.9 ," 478,150 "," 12,581 "," 72,311 "," 5,536 ", 15.1 , 1.1 ,,,,,,,,,,,
12,AZ,Arizona,4," 633,528 "," 10,386 "," 318,974 "," 6,574 ", 50.3 , 0.5 ," 314,554 "," 5,561 ", 49.7 , 0.5 ," 610,113 "," 10,165 "," 68,749 "," 5,492 ", 11.3 , 0.9 ,,,,,,,,,,,
13,AZ,Arizona,5," 587,681 "," 10,348 "," 283,913 "," 7,022 ", 48.3 , 0.7 ," 303,768 "," 6,090 ", 51.7 , 0.7 ," 586,067 "," 10,340 "," 37,227 "," 3,805 ", 6.4 , 0.7 ,,,,,,,,,,,
14,AZ,Arizona,6," 577,899 "," 11,084 "," 279,903 "," 8,198 ", 48.4 , 0.9 ," 297,996 "," 7,108 ", 51.6 , 0.9 ," 576,110 "," 11,153 "," 44,701 "," 4,473 ", 7.8 , 0.8 ,,,,,,,,,,,
15,AZ,Arizona,7," 454,957 "," 12,175 "," 226,970 "," 6,665 ", 49.9 , 0.9 ," 227,987 "," 8,151 ", 50.1 , 0.9 ," 447,394 "," 11,913 "," 67,279 "," 4,979 ", 15.0 , 1.1 ,,,,,,,,,,,
16,AZ,Arizona,8," 599,423 "," 9,645 "," 281,157 "," 6,225 ", 46.9 , 0.7 ," 318,266 "," 6,284 ", 53.1 , 0.7 ," 589,749 "," 9,795 "," 38,999 "," 4,187 ", 6.6 , 0.7 ,,,,,,,,,,,
17,AZ,Arizona,9," 562,791 "," 12,216 "," 280,089 "," 8,148 ", 49.8 , 0.9 ," 282,702 "," 7,499 ", 50.2 , 0.9 ," 552,135 "," 12,608 "," 60,388 "," 4,974 ", 10.9 , 0.9 ,,,,,,,,,,,
18,AR,Arkansas,1," 548,710 "," 3,198 "," 270,423 "," 2,348 ", 49.3 , 0.3 ," 278,287 "," 1,897 ", 50.7 , 0.3 ," 522,923 "," 3,506 "," 89,589 "," 5,251 ", 17.1 , 1.0 ,,,,,,,,,,,
19,AR,Arkansas,2," 570,220 "," 3,398 "," 271,053 "," 2,181 ", 47.5 , 0.3 ," 299,167 "," 2,511 ", 52.5 , 0.3 ," 555,802 "," 3,856 "," 75,688 "," 5,860 ", 13.6 , 1.1 ,,,,,,,,,,,
20,AR,Arkansas,3," 573,113 "," 5,357 "," 277,923 "," 3,639 ", 48.5 , 0.4 ," 295,190 "," 3,363 ", 51.5 , 0.4 ," 557,687 "," 5,401 "," 67,436 "," 5,680 ", 12.1 , 1.0 ,,,,,,,,,,,
21,AR,Arkansas,4," 532,069 "," 4,667 "," 255,252 "," 2,971 ", 48.0 , 0.3 ," 276,817 "," 2,607 ", 52.0 , 0.3 ," 514,124 "," 4,920 "," 86,232 "," 6,853 ", 16.8 , 1.3 ,,,,,,,,,,,
22,CA,California,1," 553,702 "," 4,675 "," 276,469 "," 2,969 ", 49.9 , 0.3 ," 277,233 "," 3,061 ", 50.1 , 0.3 ," 534,889 "," 5,042 "," 77,504 "," 4,840 ", 14.5 , 0.9 ,,,,,,,,,,,
23,CA,California,2," 534,951 "," 6,691 "," 262,941 "," 4,598 ", 49.2 , 0.5 ," 272,010 "," 3,923 ", 50.8 , 0.5 ," 522,186 "," 7,371 "," 53,649 "," 3,970 ", 10.3 , 0.8 ,,,,,,,,,,,
24,CA,California,3," 504,299 "," 7,222 "," 246,961 "," 4,640 ", 49.0 , 0.7 ," 257,338 "," 5,113 ", 51.0 , 0.7 ," 489,655 "," 7,602 "," 65,293 "," 4,484 ", 13.3 , 0.9 ,,,,,,,,,,,
25,CA,California,4," 573,118 "," 5,649 "," 286,496 "," 3,641 ", 50.0 , 0.4 ," 286,622 "," 3,758 ", 50.0 , 0.4 ," 562,791 "," 6,131 "," 44,632 "," 5,194 ", 7.9 , 0.9 ,,,,,,,,,,,
26,CA,California,5," 508,369 "," 9,829 "," 242,276 "," 6,539 ", 47.7 , 0.7 ," 266,093 "," 5,746 ", 52.3 , 0.7 ," 501,445 "," 9,889 "," 41,040 "," 4,182 ", 8.2 , 0.8 ,,,,,,,,,,,
27,CA,California,6," 506,434 "," 10,206 "," 244,392 "," 6,051 ", 48.3 , 0.7 ," 262,042 "," 6,527 ", 51.7 , 0.7 ," 499,803 "," 9,972 "," 64,734 "," 4,900 ", 13.0 , 1.0 ,,,,,,,,,,,
28,CA,California,7," 537,436 "," 8,063 "," 259,003 "," 5,089 ", 48.2 , 0.6 ," 278,433 "," 4,941 ", 51.8 , 0.6 ," 530,517 "," 8,122 "," 50,715 "," 4,413 ", 9.6 , 0.8 ,,,,,,,,,,,
29,CA,California,8," 477,512 "," 10,385 "," 240,107 "," 6,199 ", 50.3 , 0.9 ," 237,405 "," 7,155 ", 49.7 , 0.9 ," 465,044 "," 10,343 "," 68,015 "," 6,501 ", 14.6 , 1.4 ,,,,,,,,,,,
30,CA,California,9," 482,967 "," 8,819 "," 234,940 "," 5,691 ", 48.6 , 0.7 ," 248,027 "," 5,620 ", 51.4 , 0.7 ," 473,224 "," 8,657 "," 50,332 "," 4,964 ", 10.6 , 1.1 ,,,,,,,,,,,
31,CA,California,10," 493,409 "," 7,043 "," 242,938 "," 4,435 ", 49.2 , 0.5 ," 250,471 "," 4,053 ", 50.8 , 0.5 ," 488,503 "," 7,105 "," 51,924 "," 5,671 ", 10.6 , 1.2 ,,,,,,,,,,,
32,CA,California,11," 508,963 "," 9,040 "," 245,241 "," 5,449 ", 48.2 , 0.7 ," 263,722 "," 5,808 ", 51.8 , 0.7 ," 503,806 "," 9,122 "," 35,217 "," 3,654 ", 7.0 , 0.7 ,,,,,,,,,,,
33,CA,California,12," 571,300 "," 7,542 "," 292,211 "," 5,544 ", 51.1 , 0.6 ," 279,089 "," 4,327 ", 48.9 , 0.6 ," 563,530 "," 7,499 "," 54,323 "," 4,915 ", 9.6 , 0.9 ,,,,,,,,,,,
34,CA,California,13," 536,892 "," 6,882 "," 253,135 "," 4,547 ", 47.1 , 0.6 ," 283,757 "," 4,957 ", 52.9 , 0.6 ," 523,587 "," 7,174 "," 59,812 "," 4,745 ", 11.4 , 0.9 ,,,,,,,,,,,
35,CA,California,14," 511,049 "," 8,400 "," 249,886 "," 6,515 ", 48.9 , 0.7 ," 261,163 "," 4,555 ", 51.1 , 0.7 ," 505,623 "," 8,493 "," 30,509 "," 2,863 ", 6.0 , 0.5 ,,,,,,,,,,,
36,CA,California,15," 503,361 "," 8,070 "," 248,705 "," 4,834 ", 49.4 , 0.6 ," 254,656 "," 5,383 ", 50.6 , 0.6 ," 498,277 "," 8,069 "," 24,930 "," 3,251 ", 5.0 , 0.6 ,,,,,,,,,,,
37,CA,California,16," 423,147 "," 10,984 "," 210,027 "," 6,857 ", 49.6 , 0.7 ," 213,120 "," 5,711 ", 50.4 , 0.7 ," 406,162 "," 11,155 "," 81,954 "," 6,426 ", 20.2 , 1.4 ,,,,,,,,,,,
38,CA,California,17," 438,374 "," 13,412 "," 224,282 "," 8,081 ", 51.2 , 1.0 ," 214,092 "," 7,881 ", 48.8 , 1.0 ," 430,314 "," 13,028 "," 28,312 "," 4,135 ", 6.6 , 0.9 ,,,,,,,,,,,
39,CA,California,18," 491,580 "," 9,611 "," 239,626 "," 5,593 ", 48.7 , 0.6 ," 251,954 "," 5,864 ", 51.3 , 0.6 ," 480,245 "," 9,471 "," 28,612 "," 3,592 ", 6.0 , 0.8 ,,,,,,,,,,,
40,CA,California,19," 482,363 "," 9,857 "," 238,475 "," 6,612 ", 49.4 , 0.7 ," 243,888 "," 5,424 ", 50.6 , 0.7 ," 477,211 "," 9,705 "," 36,308 "," 3,811 ", 7.6 , 0.8 ,,,,,,,,,,,
41,CA,California,20," 434,889 "," 8,953 "," 216,679 "," 5,540 ", 49.8 , 0.7 ," 218,210 "," 5,052 ", 50.2 , 0.7 ," 411,682 "," 9,452 "," 38,475 "," 4,501 ", 9.3 , 1.0 ,,,,,,,,,,,
42,CA,California,21," 354,669 "," 11,267 "," 190,018 "," 7,101 ", 53.6 , 1.2 ," 164,651 "," 6,814 ", 46.4 , 1.2 ," 323,856 "," 10,657 "," 57,483 "," 5,123 ", 17.7 , 1.6 ,,,,,,,,,,,
43,CA,California,22," 483,064 "," 10,845 "," 228,078 "," 6,372 ", 47.2 , 0.6 ," 254,986 "," 5,888 ", 52.8 , 0.6 ," 478,408 "," 10,916 "," 58,757 "," 6,468 ", 12.3 , 1.3 ,,,,,,,,,,,
44,CA,California,23," 490,446 "," 10,566 "," 247,112 "," 7,052 ", 50.4 , 0.8 ," 243,334 "," 5,849 ", 49.6 , 0.8 ," 477,323 "," 10,724 "," 75,310 "," 5,611 ", 15.8 , 1.1 ,,,,,,,,,,,
45,CA,California,24," 508,333 "," 5,576 "," 253,408 "," 3,820 ", 49.9 , 0.5 ," 254,925 "," 3,671 ", 50.1 , 0.5 ," 478,763 "," 6,420 "," 60,133 "," 5,044 ", 12.6 , 1.1 ,,,,,,,,,,,
46,CA,California,25," 482,964 "," 10,876 "," 235,314 "," 5,360 ", 48.7 , 0.8 ," 247,650 "," 7,866 ", 51.3 , 0.8 ," 475,581 "," 11,020 "," 48,804 "," 5,230 ", 10.3 , 1.1 ,,,,,,,,,,,
47,CA,California,26," 480,928 "," 6,034 "," 235,049 "," 3,891 ", 48.9 , 0.5 ," 245,879 "," 3,934 ", 51.1 , 0.5 ," 471,915 "," 6,282 "," 33,106 "," 3,570 ", 7.0 , 0.7 ,,,,,,,,,,,
48,CA,California,27," 471,963 "," 11,108 "," 224,505 "," 6,671 ", 47.6 , 0.8 ," 247,458 "," 6,853 ", 52.4 , 0.8 ," 463,381 "," 11,037 "," 41,601 "," 4,207 ", 9.0 , 0.9 ,,,,,,,,,,,
49,CA,California,28," 502,971 "," 13,353 "," 246,827 "," 6,961 ", 49.1 , 1.0 ," 256,144 "," 9,403 ", 50.9 , 1.0 ," 499,140 "," 13,270 "," 53,429 "," 4,396 ", 10.7 , 0.9 ,,,,,,,,,,,
50,CA,California,29," 402,898 "," 11,545 "," 196,524 "," 6,940 ", 48.8 , 1.0 ," 206,374 "," 7,295 ", 51.2 , 1.0 ," 399,807 "," 11,758 "," 45,157 "," 4,691 ", 11.3 , 1.1 ,,,,,,,,,,,
51,CA,California,30," 529,846 "," 14,610 "," 256,236 "," 8,348 ", 48.4 , 0.8 ," 273,610 "," 8,293 ", 51.6 , 0.8 ," 523,743 "," 14,740 "," 43,908 "," 5,126 ", 8.4 , 0.9 ,,,,,,,,,,,
52,CA,California,31," 482,081 "," 9,659 "," 230,379 "," 6,084 ", 47.8 , 0.9 ," 251,702 "," 6,755 ", 52.2 , 0.9 ," 464,860 "," 11,220 "," 51,108 "," 5,086 ", 11.0 , 1.1 ,,,,,,,,,,,
53,CA,California,32," 449,452 "," 11,398 "," 213,040 "," 6,823 ", 47.4 , 0.8 ," 236,412 "," 6,640 ", 52.6 , 0.8 ," 441,456 "," 11,301 "," 38,130 "," 3,906 ", 8.6 , 0.9 ,,,,,,,,,,,
54,CA,California,33," 517,251 "," 10,427 "," 251,819 "," 6,843 ", 48.7 , 0.8 ," 265,432 "," 6,356 ", 51.3 , 0.8 ," 500,426 "," 10,347 "," 37,349 "," 3,632 ", 7.5 , 0.7 ,,,,,,,,,,,
55,CA,California,34," 425,520 "," 11,922 "," 215,755 "," 8,468 ", 50.7 , 1.1 ," 209,765 "," 6,391 ", 49.3 , 1.1 ," 408,807 "," 11,387 "," 70,687 "," 5,958 ", 17.3 , 1.4 ,,,,,,,,,,,
56,CA,California,35," 450,565 "," 12,666 "," 220,837 "," 7,786 ", 49.0 , 1.0 ," 229,728 "," 7,626 ", 51.0 , 1.0 ," 440,052 "," 12,527 "," 41,460 "," 4,566 ", 9.4 , 1.0 ,,,,,,,,,,,
57,CA,California,36," 536,333 "," 9,648 "," 262,414 "," 7,174 ", 48.9 , 0.8 ," 273,919 "," 5,977 ", 51.1 , 0.8 ," 528,270 "," 9,520 "," 68,097 "," 6,020 ", 12.9 , 1.1 ,,,,,,,,,,,
58,CA,California,37," 468,463 "," 13,452 "," 223,584 "," 8,506 ", 47.7 , 1.0 ," 244,879 "," 7,863 ", 52.3 , 1.0 ," 459,415 "," 13,286 "," 61,771 "," 5,043 ", 13.4 , 1.0 ,,,,,,,,,,,
59,CA,California,38," 481,296 "," 10,991 "," 233,542 "," 7,350 ", 48.5 , 0.9 ," 247,754 "," 6,716 ", 51.5 , 0.9 ," 474,994 "," 10,896 "," 38,012 "," 5,583 ", 8.0 , 1.2 ,,,,,,,,,,,
60,CA,California,39," 486,713 "," 10,190 "," 233,873 "," 6,762 ", 48.1 , 0.9 ," 252,840 "," 6,377 ", 51.9 , 0.9 ," 482,420 "," 10,057 "," 32,182 "," 3,372 ", 6.7 , 0.7 ,,,,,,,,,,,
61,CA,California,40," 340,435 "," 9,624 "," 165,988 "," 6,467 ", 48.8 , 1.1 ," 174,447 "," 5,851 ", 51.2 , 1.1 ," 338,726 "," 9,589 "," 46,300 "," 4,533 ", 13.7 , 1.3 ,,,,,,,,,,,
62,CA,California,41," 478,613 "," 8,532 "," 237,023 "," 6,912 ", 49.5 , 0.9 ," 241,590 "," 5,435 ", 50.5 , 0.9 ," 463,587 "," 9,887 "," 51,104 "," 5,222 ", 11.0 , 1.1 ,,,,,,,,,,,
63,CA,California,42," 538,265 "," 9,226 "," 269,677 "," 5,862 ", 50.1 , 0.7 ," 268,588 "," 6,355 ", 49.9 , 0.7 ," 533,812 "," 9,128 "," 38,700 "," 5,064 ", 7.2 , 0.9 ,,,,,,,,,,,
64,CA,California,43," 454,185 "," 11,440 "," 213,003 "," 7,075 ", 46.9 , 1.0 ," 241,182 "," 7,564 ", 53.1 , 1.0 ," 448,459 "," 11,267 "," 48,133 "," 4,866 ", 10.7 , 1.1 ,,,,,,,,,,,
65,CA,California,44," 395,819 "," 8,661 "," 188,238 "," 6,714 ", 47.6 , 1.1 ," 207,581 "," 5,575 ", 52.4 , 1.1 ," 391,379 "," 8,490 "," 54,905 "," 5,066 ", 14.0 , 1.3 ,,,,,,,,,,,
66,CA,California,45," 532,802 "," 12,285 "," 259,823 "," 7,055 ", 48.8 , 0.8 ," 272,979 "," 7,634 ", 51.2 , 0.8 ," 524,647 "," 12,176 "," 38,768 "," 4,434 ", 7.4 , 0.8 ,,,,,,,,,,,
67,CA,California,46," 408,633 "," 10,145 "," 201,808 "," 6,368 ", 49.4 , 1.0 ," 206,825 "," 6,496 ", 50.6 , 1.0 ," 397,295 "," 10,166 "," 45,856 "," 5,234 ", 11.5 , 1.3 ,,,,,,,,,,,
68,CA,California,47," 491,712 "," 10,923 "," 239,510 "," 6,898 ", 48.7 , 0.9 ," 252,202 "," 7,278 ", 51.3 , 0.9 ," 486,226 "," 10,666 "," 50,414 "," 3,717 ", 10.4 , 0.8 ,,,,,,,,,,,
69,CA,California,48," 529,832 "," 8,764 "," 261,462 "," 6,320 ", 49.3 , 0.8 ," 268,370 "," 5,513 ", 50.7 , 0.8 ," 528,025 "," 8,793 "," 41,904 "," 4,418 ", 7.9 , 0.8 ,,,,,,,,,,,
70,CA,California,49," 519,302 "," 10,212 "," 259,293 "," 6,474 ", 49.9 , 0.9 ," 260,009 "," 7,038 ", 50.1 , 0.9 ," 502,167 "," 10,387 "," 31,322 "," 5,122 ", 6.2 , 1.0 ,,,,,,,,,,,
71,CA,California,50," 513,522 "," 11,367 "," 254,481 "," 7,601 ", 49.6 , 0.8 ," 259,041 "," 6,370 ", 50.4 , 0.8 ," 508,243 "," 11,212 "," 42,991 "," 4,754 ", 8.5 , 1.0 ,,,,,,,,,,,
72,CA,California,51," 445,034 "," 11,226 "," 231,666 "," 7,618 ", 52.1 , 1.0 ," 213,368 "," 6,634 ", 47.9 , 1.0 ," 417,314 "," 11,958 "," 61,130 "," 6,688 ", 14.6 , 1.6 ,,,,,,,,,,,
73,CA,California,52," 546,843 "," 12,471 "," 277,751 "," 9,220 ", 50.8 , 0.9 ," 269,092 "," 6,748 ", 49.2 , 0.9 ," 523,070 "," 12,155 "," 39,255 "," 3,936 ", 7.5 , 0.7 ,,,,,,,,,,,
74,CA,California,53," 563,962 "," 15,636 "," 280,508 "," 10,328 ", 49.7 , 0.9 ," 283,454 "," 8,167 ", 50.3 , 0.9 ," 555,546 "," 16,080 "," 53,727 "," 5,554 ", 9.7 , 0.9 ,,,,,,,,,,,
75,CO,Colorado,1," 619,349 "," 5,507 "," 309,603 "," 3,994 ", 50.0 , 0.4 ," 309,746 "," 3,290 ", 50.0 , 0.4 ," 607,672 "," 5,675 "," 55,734 "," 4,605 ", 9.2 , 0.8 ,,,,,,,,,,,
76,CO,Colorado,2," 619,285 "," 6,451 "," 309,961 "," 4,913 ", 50.1 , 0.5 ," 309,324 "," 3,636 ", 49.9 , 0.5 ," 599,732 "," 6,564 "," 58,303 "," 4,857 ", 9.7 , 0.8 ,,,,,,,,,,,
77,CO,Colorado,3," 565,901 "," 5,796 "," 280,001 "," 4,197 ", 49.5 , 0.5 ," 285,900 "," 3,496 ", 50.5 , 0.5 ," 552,902 "," 6,002 "," 67,233 "," 5,536 ", 12.2 , 1.0 ,,,,,,,,,,,
78,CO,Colorado,4," 598,599 "," 5,986 "," 302,689 "," 3,601 ", 50.6 , 0.4 ," 295,910 "," 3,924 ", 49.4 , 0.4 ," 583,283 "," 6,102 "," 44,288 "," 3,525 ", 7.6 , 0.6 ,,,,,,,,,,,
79,CO,Colorado,5," 603,967 "," 3,639 "," 309,714 "," 2,478 ", 51.3 , 0.3 ," 294,253 "," 2,672 ", 48.7 , 0.3 ," 575,663 "," 4,543 "," 48,574 "," 3,919 ", 8.4 , 0.7 ,,,,,,,,,,,
80,CO,Colorado,6," 567,801 "," 9,080 "," 277,947 "," 5,518 ", 49.0 , 0.5 ," 289,854 "," 4,919 ", 51.0 , 0.5 ," 562,482 "," 9,457 "," 30,122 "," 3,293 ", 5.4 , 0.6 ,,,,,,,,,,,
81,CO,Colorado,7," 576,138 "," 8,222 "," 283,711 "," 4,765 ", 49.2 , 0.4 ," 292,427 "," 4,847 ", 50.8 , 0.4 ," 567,731 "," 8,060 "," 43,603 "," 5,151 ", 7.7 , 0.9 ,,,,,,,,,,,
82,CT,Connecticut,1," 523,004 "," 7,034 "," 247,490 "," 4,891 ", 47.3 , 0.5 ," 275,514 "," 4,099 ", 52.7 , 0.5 ," 513,017 "," 7,109 "," 48,741 "," 3,958 ", 9.5 , 0.8 ,,,,,,,,,,,
83,CT,Connecticut,2," 548,572 "," 5,593 "," 272,014 "," 3,805 ", 49.6 , 0.4 ," 276,558 "," 3,576 ", 50.4 , 0.4 ," 512,850 "," 5,646 "," 42,018 "," 3,926 ", 8.2 , 0.8 ,,,,,,,,,,,
84,CT,Connecticut,3," 535,024 "," 7,312 "," 251,948 "," 4,826 ", 47.1 , 0.6 ," 283,076 "," 4,528 ", 52.9 , 0.6 ," 511,818 "," 7,679 "," 49,435 "," 4,673 ", 9.7 , 0.9 ,,,,,,,,,,,
85,CT,Connecticut,4," 496,370 "," 6,476 "," 234,779 "," 4,288 ", 47.3 , 0.6 ," 261,591 "," 4,298 ", 52.7 , 0.6 ," 485,611 "," 6,760 "," 41,943 "," 4,997 ", 8.6 , 1.0 ,,,,,,,,,,,
86,CT,Connecticut,5," 511,395 "," 9,390 "," 246,253 "," 5,516 ", 48.2 , 0.6 ," 265,142 "," 5,736 ", 51.8 , 0.6 ," 498,350 "," 9,438 "," 42,611 "," 3,821 ", 8.6 , 0.8 ,,,,,,,,,,,
87,DE,Delaware,At-large," 720,867 "," 3,971 "," 343,826 "," 2,337 ", 47.7 , 0.2 ," 377,041 "," 2,406 ", 52.3 , 0.2 ," 698,953 "," 4,007 "," 72,431 "," 6,197 ", 10.4 , 0.9 ,,,,,,,,,,,
88,DC,District of Columbia,At-large," 526,393 "," 4,612 "," 245,922 "," 2,739 ", 46.7 , 0.3 ," 280,471 "," 2,890 ", 53.3 , 0.3 ," 497,589 "," 4,397 "," 72,562 "," 4,946 ", 14.6 , 1.0 ,,,,,,,,,,,
89,FL,Florida,1," 601,423 "," 2,752 "," 300,883 "," 1,918 ", 50.0 , 0.2 ," 300,540 "," 2,122 ", 50.0 , 0.2 ," 573,824 "," 4,551 "," 61,279 "," 6,325 ", 10.7 , 1.1 ,,,,,,,,,,,
90,FL,Florida,2," 573,718 "," 6,050 "," 290,954 "," 3,946 ", 50.7 , 0.5 ," 282,764 "," 4,508 ", 49.3 , 0.5 ," 531,429 "," 6,373 "," 71,752 "," 6,382 ", 13.5 , 1.2 ,,,,,,,,,,,
91,FL,Florida,3," 579,993 "," 6,726 "," 282,160 "," 3,716 ", 48.6 , 0.5 ," 297,833 "," 4,988 ", 51.4 , 0.5 ," 550,065 "," 7,444 "," 81,167 "," 6,446 ", 14.8 , 1.1 ,,,,,,,,,,,
92,FL,Florida,4," 614,794 "," 10,052 "," 301,588 "," 5,504 ", 49.1 , 0.6 ," 313,206 "," 6,728 ", 50.9 , 0.6 ," 600,574 "," 10,297 "," 46,523 "," 4,814 ", 7.7 , 0.8 ,,,,,,,,,,,
93,FL,Florida,5," 541,992 "," 11,225 "," 254,528 "," 6,598 ", 47.0 , 0.7 ," 287,464 "," 6,806 ", 53.0 , 0.7 ," 515,909 "," 11,422 "," 99,897 "," 6,558 ", 19.4 , 1.2 ,,,,,,,,,,,
94,FL,Florida,6," 621,566 "," 6,917 "," 296,982 "," 4,025 ", 47.8 , 0.4 ," 324,584 "," 4,533 ", 52.2 , 0.4 ," 612,618 "," 7,043 "," 67,142 "," 5,845 ", 11.0 , 0.9 ,,,,,,,,,,,
95,FL,Florida,7," 581,583 "," 10,621 "," 282,311 "," 7,183 ", 48.5 , 0.7 ," 299,272 "," 6,201 ", 51.5 , 0.7 ," 558,487 "," 11,139 "," 63,702 "," 5,604 ", 11.4 , 0.9 ,,,,,,,,,,,
96,FL,Florida,8," 610,604 "," 4,145 "," 293,057 "," 2,998 ", 48.0 , 0.4 ," 317,547 "," 3,102 ", 52.0 , 0.4 ," 604,434 "," 4,807 "," 56,876 "," 5,839 ", 9.4 , 1.0 ,,,,,,,,,,,
97,FL,Florida,9," 644,898 "," 15,477 "," 313,560 "," 8,912 ", 48.6 , 0.7 ," 331,338 "," 8,962 ", 51.4 , 0.7 ," 637,713 "," 15,557 "," 72,873 "," 8,553 ", 11.4 , 1.3 ,,,,,,,,,,,
98,FL,Florida,10," 546,157 "," 12,769 "," 262,516 "," 7,861 ", 48.1 , 0.9 ," 283,641 "," 7,965 ", 51.9 , 0.9 ," 539,800 "," 12,975 "," 70,483 "," 7,945 ", 13.1 , 1.4 ,,,,,,,,,,,
99,FL,Florida,11," 652,135 "," 10,786 "," 313,750 "," 5,452 ", 48.1 , 0.5 ," 338,385 "," 7,043 ", 51.9 , 0.5 ," 637,176 "," 10,642 "," 69,985 "," 5,622 ", 11.0 , 0.9 ,,,,,,,,,,,
100,FL,Florida,12," 605,983 "," 7,435 "," 285,091 "," 5,160 ", 47.0 , 0.5 ," 320,892 "," 4,659 ", 53.0 , 0.5 ," 596,985 "," 8,029 "," 61,058 "," 6,193 ", 10.2 , 1.0 ,,,,,,,,,,,
101,FL,Florida,13," 584,889 "," 8,338 "," 281,217 "," 5,570 ", 48.1 , 0.6 ," 303,672 "," 5,138 ", 51.9 , 0.6 ," 574,243 "," 8,562 "," 60,632 "," 4,956 ", 10.6 , 0.8 ,,,,,,,,,,,
102,FL,Florida,14," 534,225 "," 9,792 "," 253,933 "," 6,070 ", 47.5 , 0.7 ," 280,292 "," 6,369 ", 52.5 , 0.7 ," 523,819 "," 9,807 "," 69,743 "," 6,227 ", 13.3 , 1.2 ,,,,,,,,,,,
103,FL,Florida,15," 578,715 "," 14,070 "," 278,594 "," 8,002 ", 48.1 , 0.9 ," 300,121 "," 9,761 ", 51.9 , 0.9 ," 570,615 "," 14,134 "," 65,321 "," 5,263 ", 11.4 , 1.0 ,,,,,,,,,,,
104,FL,Florida,16," 638,769 "," 8,875 "," 302,288 "," 5,301 ", 47.3 , 0.5 ," 336,481 "," 5,308 ", 52.7 , 0.5 ," 631,712 "," 9,165 "," 57,125 "," 5,957 ", 9.0 , 0.9 ,,,,,,,,,,,
105,FL,Florida,17," 615,104 "," 10,351 "," 301,114 "," 6,586 ", 49.0 , 0.6 ," 313,990 "," 5,995 ", 51.0 , 0.6 ," 602,735 "," 10,560 "," 67,861 "," 5,953 ", 11.3 , 1.0 ,,,,,,,,,,,
106,FL,Florida,18," 599,873 "," 10,324 "," 288,462 "," 6,292 ", 48.1 , 0.6 ," 311,411 "," 6,081 ", 51.9 , 0.6 ," 594,476 "," 10,232 "," 54,001 "," 5,749 ", 9.1 , 1.0 ,,,,,,,,,,,
107,FL,Florida,19," 631,233 "," 11,072 "," 300,597 "," 6,705 ", 47.6 , 0.5 ," 330,636 "," 6,262 ", 52.4 , 0.5 ," 622,071 "," 11,240 "," 57,652 "," 6,585 ", 9.3 , 1.0 ,,,,,,,,,,,
108,FL,Florida,20," 507,613 "," 13,423 "," 242,726 "," 8,320 ", 47.8 , 1.0 ," 264,887 "," 8,344 ", 52.2 , 1.0 ," 495,390 "," 13,574 "," 73,896 "," 7,702 ", 14.9 , 1.5 ,,,,,,,,,,,
109,FL,Florida,21," 546,101 "," 11,927 "," 255,769 "," 7,359 ", 46.8 , 0.8 ," 290,332 "," 7,763 ", 53.2 , 0.8 ," 542,489 "," 12,049 "," 44,811 "," 5,414 ", 8.3 , 1.0 ,,,,,,,,,,,
110,FL,Florida,22," 534,846 "," 11,346 "," 265,302 "," 8,012 ", 49.6 , 1.0 ," 269,544 "," 7,255 ", 50.4 , 1.0 ," 529,036 "," 11,323 "," 45,187 "," 4,716 ", 8.5 , 0.9 ,,,,,,,,,,,
111,FL,Florida,23," 510,212 "," 9,952 "," 242,283 "," 6,817 ", 47.5 , 0.9 ," 267,929 "," 6,850 ", 52.5 , 0.9 ," 508,324 "," 9,907 "," 49,339 "," 6,037 ", 9.7 , 1.2 ,,,,,,,,,,,
112,FL,Florida,24," 477,697 "," 12,311 "," 220,770 "," 7,873 ", 46.2 , 1.1 ," 256,927 "," 8,157 ", 53.8 , 1.1 ," 467,414 "," 12,178 "," 77,269 "," 6,544 ", 16.5 , 1.3 ,,,,,,,,,,,
113,FL,Florida,25," 453,055 "," 14,226 "," 212,439 "," 8,749 ", 46.9 , 1.1 ," 240,616 "," 8,781 ", 53.1 , 1.1 ," 447,653 "," 14,511 "," 49,424 "," 6,201 ", 11.0 , 1.3 ,,,,,,,,,,,
114,FL,Florida,26," 476,033 "," 12,380 "," 225,950 "," 8,012 ", 47.5 , 1.1 ," 250,083 "," 8,125 ", 52.5 , 1.1 ," 467,075 "," 12,635 "," 53,344 "," 5,587 ", 11.4 , 1.2 ,,,,,,,,,,,
115,FL,Florida,27," 464,604 "," 13,439 "," 222,276 "," 7,920 ", 47.8 , 1.1 ," 242,328 "," 8,897 ", 52.2 , 1.1 ," 457,395 "," 13,727 "," 51,044 "," 5,596 ", 11.2 , 1.2 ,,,,,,,,,,,
116,GA,Georgia,1," 550,713 "," 4,548 "," 265,885 "," 2,718 ", 48.3 , 0.3 ," 284,828 "," 2,860 ", 51.7 , 0.3 ," 528,280 "," 5,250 "," 70,331 "," 5,318 ", 13.3 , 1.0 ,,,,,,,,,,,
117,GA,Georgia,2," 498,322 "," 5,387 "," 237,183 "," 3,504 ", 47.6 , 0.4 ," 261,139 "," 3,278 ", 52.4 , 0.4 ," 464,769 "," 6,477 "," 98,551 "," 5,334 ", 21.2 , 1.1 ,,,,,,,,,,,
118,GA,Georgia,3," 548,941 "," 6,659 "," 261,012 "," 4,228 ", 47.5 , 0.4 ," 287,929 "," 3,917 ", 52.5 , 0.4 ," 537,649 "," 6,953 "," 65,079 "," 6,681 ", 12.1 , 1.2 ,,,,,,,,,,,
119,GA,Georgia,4," 527,938 "," 10,870 "," 243,040 "," 6,151 ", 46.0 , 0.8 ," 284,898 "," 7,319 ", 54.0 , 0.8 ," 523,057 "," 11,019 "," 51,138 "," 7,189 ", 9.8 , 1.4 ,,,,,,,,,,,
120,GA,Georgia,5," 587,385 "," 11,293 "," 276,291 "," 7,125 ", 47.0 , 0.8 ," 311,094 "," 7,229 ", 53.0 , 0.8 ," 551,428 "," 10,563 "," 88,065 "," 6,214 ", 16.0 , 1.1 ,,,,,,,,,,,
121,GA,Georgia,6," 496,468 "," 9,646 "," 243,742 "," 6,623 ", 49.1 , 0.8 ," 252,726 "," 5,560 ", 50.9 , 0.8 ," 493,937 "," 9,745 "," 22,372 "," 3,337 ", 4.5 , 0.7 ,,,,,,,,,,,
122,GA,Georgia,7," 486,845 "," 13,303 "," 226,855 "," 8,058 ", 46.6 , 0.9 ," 259,990 "," 7,695 ", 53.4 , 0.9 ," 482,823 "," 12,947 "," 34,298 "," 5,183 ", 7.1 , 1.1 ,,,,,,,,,,,
123,GA,Georgia,8," 527,338 "," 5,981 "," 251,135 "," 3,949 ", 47.6 , 0.5 ," 276,203 "," 3,673 ", 52.4 , 0.5 ," 508,862 "," 5,981 "," 92,521 "," 7,761 ", 18.2 , 1.5 ,,,,,,,,,,,
124,GA,Georgia,9," 556,967 "," 6,033 "," 270,985 "," 3,640 ", 48.7 , 0.4 ," 285,982 "," 3,770 ", 51.3 , 0.4 ," 545,726 "," 6,692 "," 56,373 "," 5,495 ", 10.3 , 1.0 ,,,,,,,,,,,
125,GA,Georgia,10," 565,803 "," 9,414 "," 272,442 "," 5,808 ", 48.2 , 0.5 ," 293,361 "," 5,357 ", 51.8 , 0.5 ," 542,122 "," 9,805 "," 71,163 "," 5,506 ", 13.1 , 1.0 ,,,,,,,,,,,
126,GA,Georgia,11," 559,687 "," 9,450 "," 265,122 "," 5,627 ", 47.4 , 0.6 ," 294,565 "," 5,791 ", 52.6 , 0.6 ," 548,550 "," 9,464 "," 44,203 "," 4,630 ", 8.1 , 0.8 ,,,,,,,,,,,
127,GA,Georgia,12," 540,482 "," 5,219 "," 263,096 "," 3,497 ", 48.7 , 0.4 ," 277,386 "," 3,165 ", 51.3 , 0.4 ," 507,512 "," 6,151 "," 83,972 "," 7,268 ", 16.5 , 1.4 ,,,,,,,,,,,
128,GA,Georgia,13," 523,476 "," 12,223 "," 234,458 "," 6,929 ", 44.8 , 0.9 ," 289,018 "," 8,239 ", 55.2 , 0.9 ," 518,694 "," 12,244 "," 43,146 "," 5,467 ", 8.3 , 1.1 ,,,,,,,,,,,
129,GA,Georgia,14," 516,434 "," 4,331 "," 247,683 "," 2,845 ", 48.0 , 0.4 ," 268,751 "," 3,258 ", 52.0 , 0.4 ," 504,547 "," 5,250 "," 57,895 "," 4,939 ", 11.5 , 1.0 ,,,,,,,,,,,
130,HI,Hawaii,1," 509,992 "," 8,672 "," 259,092 "," 5,083 ", 50.8 , 0.5 ," 250,900 "," 4,877 ", 49.2 , 0.5 ," 495,018 "," 8,329 "," 31,466 "," 3,295 ", 6.4 , 0.7 ,,,,,,,,,,,
131,HI,Hawaii,2," 506,514 "," 7,345 "," 254,001 "," 4,620 ", 50.1 , 0.5 ," 252,513 "," 4,178 ", 49.9 , 0.5 ," 491,721 "," 7,300 "," 43,163 "," 4,412 ", 8.8 , 0.9 ,,,,,,,,,,,
132,ID,Idaho,1," 661,724 "," 6,207 "," 327,753 "," 5,059 ", 49.5 , 0.5 ," 333,971 "," 4,357 ", 50.5 , 0.5 ," 646,145 "," 6,210 "," 62,534 "," 6,067 ", 9.7 , 0.9 ,,,,,,,,,,,
133,ID,Idaho,2," 590,690 "," 6,236 "," 295,212 "," 5,152 ", 50.0 , 0.6 ," 295,478 "," 3,922 ", 50.0 , 0.6 ," 582,159 "," 6,291 "," 68,775 "," 4,390 ", 11.8 , 0.8 ,,,,,,,,,,,
134,IL,Illinois,1," 524,114 "," 13,385 "," 239,139 "," 7,454 ", 45.6 , 0.7 ," 284,975 "," 8,063 ", 54.4 , 0.7 ," 514,916 "," 13,300 "," 74,766 "," 6,112 ", 14.5 , 1.1 ,,,,,,,,,,,
135,IL,Illinois,2," 497,132 "," 10,186 "," 220,603 "," 6,737 ", 44.4 , 0.9 ," 276,529 "," 6,684 ", 55.6 , 0.9 ," 489,594 "," 10,384 "," 77,321 "," 5,257 ", 15.8 , 1.1 ,,,,,,,,,,,
136,IL,Illinois,3," 479,004 "," 11,273 "," 239,389 "," 6,460 ", 50.0 , 0.7 ," 239,615 "," 6,524 ", 50.0 , 0.7 ," 470,227 "," 11,262 "," 40,182 "," 5,112 ", 8.5 , 1.0 ,,,,,,,,,,,
137,IL,Illinois,4," 410,804 "," 10,402 "," 198,815 "," 7,114 ", 48.4 , 1.0 ," 211,989 "," 6,146 ", 51.6 , 1.0 ," 408,610 "," 10,340 "," 43,427 "," 4,585 ", 10.6 , 1.1 ,,,,,,,,,,,
138,IL,Illinois,5," 545,831 "," 13,594 "," 264,796 "," 8,109 ", 48.5 , 0.8 ," 281,035 "," 8,297 ", 51.5 , 0.8 ," 536,884 "," 13,472 "," 38,711 "," 3,691 ", 7.2 , 0.6 ,,,,,,,,,,,
139,IL,Illinois,6," 523,796 "," 7,397 "," 256,062 "," 5,351 ", 48.9 , 0.7 ," 267,734 "," 5,108 ", 51.1 , 0.7 ," 515,795 "," 7,621 "," 25,904 "," 3,065 ", 5.0 , 0.6 ,,,,,,,,,,,
140,IL,Illinois,7," 522,767 "," 13,446 "," 245,563 "," 9,110 ", 47.0 , 1.0 ," 277,204 "," 7,769 ", 53.0 , 1.0 ," 499,676 "," 13,736 "," 89,468 "," 6,066 ", 17.9 , 1.2 ,,,,,,,,,,,
141,IL,Illinois,8," 442,009 "," 9,089 "," 210,434 "," 5,697 ", 47.6 , 0.9 ," 231,575 "," 6,321 ", 52.4 , 0.9 ," 437,858 "," 9,140 "," 27,635 "," 3,758 ", 6.3 , 0.9 ,,,,,,,,,,,
142,IL,Illinois,9," 498,242 "," 10,167 "," 242,188 "," 7,306 ", 48.6 , 0.9 ," 256,054 "," 6,090 ", 51.4 , 0.9 ," 482,383 "," 10,028 "," 49,348 "," 5,158 ", 10.2 , 1.0 ,,,,,,,,,,,
143,IL,Illinois,10," 468,255 "," 7,926 "," 228,987 "," 4,795 ", 48.9 , 0.5 ," 239,268 "," 4,646 ", 51.1 , 0.5 ," 449,762 "," 7,925 "," 31,798 "," 3,661 ", 7.1 , 0.8 ,,,,,,,,,,,
144,IL,Illinois,11," 472,244 "," 8,696 "," 230,365 "," 5,674 ", 48.8 , 0.7 ," 241,879 "," 5,102 ", 51.2 , 0.7 ," 466,570 "," 8,626 "," 30,188 "," 2,910 ", 6.5 , 0.6 ,,,,,,,,,,,
145,IL,Illinois,12," 528,398 "," 3,128 "," 258,312 "," 2,310 ", 48.9 , 0.3 ," 270,086 "," 2,115 ", 51.1 , 0.3 ," 510,485 "," 3,777 "," 72,726 "," 4,616 ", 14.2 , 0.9 ,,,,,,,,,,,
146,IL,Illinois,13," 539,012 "," 6,187 "," 262,945 "," 4,266 ", 48.8 , 0.5 ," 276,067 "," 3,617 ", 51.2 , 0.5 ," 503,603 "," 6,790 "," 81,940 "," 4,980 ", 16.3 , 1.0 ,,,,,,,,,,,
147,IL,Illinois,14," 525,729 "," 7,412 "," 258,410 "," 4,578 ", 49.2 , 0.5 ," 267,319 "," 4,608 ", 50.8 , 0.5 ," 523,009 "," 7,427 "," 22,704 "," 3,536 ", 4.3 , 0.7 ,,,,,,,,,,,
148,IL,Illinois,15," 532,371 "," 4,362 "," 263,271 "," 2,729 ", 49.5 , 0.4 ," 269,100 "," 3,299 ", 50.5 , 0.4 ," 509,784 "," 4,771 "," 63,091 "," 3,990 ", 12.4 , 0.8 ,,,,,,,,,,,
149,IL,Illinois,16," 520,730 "," 4,681 "," 258,813 "," 3,145 ", 49.7 , 0.4 ," 261,917 "," 2,998 ", 50.3 , 0.4 ," 504,555 "," 5,001 "," 45,055 "," 3,902 ", 8.9 , 0.8 ,,,,,,,,,,,
150,IL,Illinois,17," 512,994 "," 5,263 "," 250,502 "," 3,650 ", 48.8 , 0.5 ," 262,492 "," 3,575 ", 51.2 , 0.5 ," 492,760 "," 5,854 "," 66,654 "," 4,576 ", 13.5 , 0.9 ,,,,,,,,,,,
151,IL,Illinois,18," 531,334 "," 6,741 "," 256,746 "," 4,529 ", 48.3 , 0.4 ," 274,588 "," 3,650 ", 51.7 , 0.4 ," 513,739 "," 6,655 "," 50,132 "," 4,636 ", 9.8 , 0.9 ,,,,,,,,,,,
152,IN,Indiana,1," 537,218 "," 2,969 "," 259,331 "," 2,327 ", 48.3 , 0.3 ," 277,887 "," 2,044 ", 51.7 , 0.3 ," 522,771 "," 3,495 "," 58,981 "," 4,778 ", 11.3 , 0.9 ,,,,,,,,,,,
153,IN,Indiana,2," 522,778 "," 3,982 "," 254,316 "," 2,859 ", 48.6 , 0.3 ," 268,462 "," 2,186 ", 51.4 , 0.3 ," 503,831 "," 4,488 "," 55,923 "," 4,411 ", 11.1 , 0.9 ,,,,,,,,,,,
154,IN,Indiana,3," 540,022 "," 2,746 "," 263,081 "," 1,600 ", 48.7 , 0.2 ," 276,941 "," 2,053 ", 51.3 , 0.2 ," 529,139 "," 3,149 "," 47,924 "," 3,848 ", 9.1 , 0.7 ,,,,,,,,,,,
155,IN,Indiana,4," 567,094 "," 4,245 "," 281,136 "," 2,864 ", 49.6 , 0.3 ," 285,958 "," 2,657 ", 50.4 , 0.3 ," 541,335 "," 4,341 "," 57,075 "," 4,822 ", 10.5 , 0.9 ,,,,,,,,,,,
156,IN,Indiana,5," 573,500 "," 6,937 "," 273,289 "," 4,241 ", 47.7 , 0.5 ," 300,211 "," 4,798 ", 52.3 , 0.5 ," 559,314 "," 7,462 "," 45,920 "," 4,732 ", 8.2 , 0.8 ,,,,,,,,,,,
157,IN,Indiana,6," 549,035 "," 2,722 "," 267,782 "," 2,075 ", 48.8 , 0.3 ," 281,253 "," 1,863 ", 51.2 , 0.3 ," 529,878 "," 3,444 "," 67,700 "," 4,895 ", 12.8 , 0.9 ,,,,,,,,,,,
158,IN,Indiana,7," 521,076 "," 6,956 "," 242,838 "," 4,419 ", 46.6 , 0.6 ," 278,238 "," 5,263 ", 53.4 , 0.6 ," 509,529 "," 7,019 "," 77,616 "," 5,766 ", 15.2 , 1.1 ,,,,,,,,,,,
159,IN,Indiana,8," 549,149 "," 2,287 "," 270,738 "," 1,544 ", 49.3 , 0.2 ," 278,411 "," 1,644 ", 50.7 , 0.2 ," 525,125 "," 3,065 "," 62,903 "," 5,091 ", 12.0 , 1.0 ,,,,,,,,,,,
160,IN,Indiana,9," 575,308 "," 3,657 "," 279,976 "," 2,614 ", 48.7 , 0.3 ," 295,332 "," 2,434 ", 51.3 , 0.3 ," 553,531 "," 3,839 "," 64,247 "," 4,578 ", 11.6 , 0.8 ,,,,,,,,,,,
161,IA,Iowa,1," 580,187 "," 2,876 "," 284,027 "," 2,105 ", 49.0 , 0.2 ," 296,160 "," 1,778 ", 51.0 , 0.2 ," 558,232 "," 3,281 "," 56,396 "," 4,028 ", 10.1 , 0.7 ,,,,,,,,,,,
162,IA,Iowa,2," 581,525 "," 2,670 "," 284,369 "," 1,646 ", 48.9 , 0.2 ," 297,156 "," 1,960 ", 51.1 , 0.2 ," 560,199 "," 3,554 "," 62,112 "," 4,578 ", 11.1 , 0.8 ,,,,,,,,,,,
163,IA,Iowa,3," 601,044 "," 3,898 "," 292,105 "," 2,421 ", 48.6 , 0.2 ," 308,939 "," 2,242 ", 51.4 , 0.2 ," 588,009 "," 3,925 "," 51,444 "," 4,375 ", 8.7 , 0.7 ,,,,,,,,,,,
164,IA,Iowa,4," 564,463 "," 2,859 "," 278,749 "," 1,894 ", 49.4 , 0.2 ," 285,714 "," 1,890 ", 50.6 , 0.2 ," 536,367 "," 3,420 "," 55,271 "," 3,188 ", 10.3 , 0.6 ,,,,,,,,,,,
165,KS,Kansas,1," 502,712 "," 3,509 "," 254,352 "," 2,534 ", 50.6 , 0.3 ," 248,360 "," 2,313 ", 49.4 , 0.3 ," 474,980 "," 3,731 "," 57,226 "," 4,181 ", 12.0 , 0.9 ,,,,,,,,,,,
166,KS,Kansas,2," 538,594 "," 2,980 "," 266,041 "," 2,373 ", 49.4 , 0.4 ," 272,553 "," 2,488 ", 50.6 , 0.4 ," 513,794 "," 3,650 "," 70,225 "," 4,968 ", 13.7 , 0.9 ,,,,,,,,,,,
167,KS,Kansas,3," 534,532 "," 3,744 "," 258,428 "," 2,419 ", 48.3 , 0.2 ," 276,104 "," 2,024 ", 51.7 , 0.2 ," 529,568 "," 3,981 "," 31,937 "," 3,298 ", 6.0 , 0.6 ,,,,,,,,,,,
168,KS,Kansas,4," 515,676 "," 3,192 "," 253,444 "," 2,431 ", 49.1 , 0.3 ," 262,232 "," 1,872 ", 50.9 , 0.3 ," 503,367 "," 3,237 "," 54,144 "," 5,203 ", 10.8 , 1.0 ,,,,,,,,,,,
169,KY,Kentucky,1," 552,530 "," 3,169 "," 269,167 "," 2,530 ", 48.7 , 0.4 ," 283,363 "," 2,605 ", 51.3 , 0.4 ," 528,102 "," 4,279 "," 82,046 "," 5,254 ", 15.5 , 1.0 ,,,,,,,,,,,
170,KY,Kentucky,2," 577,362 "," 4,615 "," 282,075 "," 3,226 ", 48.9 , 0.4 ," 295,287 "," 2,974 ", 51.1 , 0.4 ," 557,689 "," 5,149 "," 78,440 "," 6,055 ", 14.1 , 1.1 ,,,,,,,,,,,
171,KY,Kentucky,3," 553,926 "," 3,786 "," 261,136 "," 2,262 ", 47.1 , 0.2 ," 292,790 "," 2,130 ", 52.9 , 0.2 ," 541,159 "," 4,308 "," 68,708 "," 6,871 ", 12.7 , 1.3 ,,,,,,,,,,,
172,KY,Kentucky,4," 565,232 "," 4,216 "," 277,020 "," 3,121 ", 49.0 , 0.3 ," 288,212 "," 2,604 ", 51.0 , 0.3 ," 551,490 "," 4,794 "," 55,545 "," 4,237 ", 10.1 , 0.8 ,,,,,,,,,,,
173,KY,Kentucky,5," 537,877 "," 3,689 "," 263,796 "," 2,783 ", 49.0 , 0.3 ," 274,081 "," 2,270 ", 51.0 , 0.3 ," 517,228 "," 4,692 "," 124,355 "," 6,900 ", 24.0 , 1.3 ,,,,,,,,,,,
174,KY,Kentucky,6," 581,992 "," 4,750 "," 279,091 "," 3,505 ", 48.0 , 0.4 ," 302,901 "," 3,326 ", 52.0 , 0.4 ," 560,860 "," 5,221 "," 74,703 "," 5,080 ", 13.3 , 0.9 ,,,,,,,,,,,
175,LA,Louisiana,1," 594,231 "," 7,375 "," 282,992 "," 4,735 ", 47.6 , 0.5 ," 311,239 "," 4,459 ", 52.4 , 0.5 ," 582,654 "," 7,475 "," 66,838 "," 6,789 ", 11.5 , 1.1 ,,,,,,,,,,,
176,LA,Louisiana,2," 587,115 "," 8,471 "," 273,178 "," 6,050 ", 46.5 , 0.6 ," 313,937 "," 5,136 ", 53.5 , 0.6 ," 567,296 "," 8,384 "," 113,301 "," 6,082 ", 20.0 , 1.1 ,,,,,,,,,,,
177,LA,Louisiana,3," 577,604 "," 2,928 "," 275,886 "," 1,939 ", 47.8 , 0.2 ," 301,718 "," 1,706 ", 52.2 , 0.2 ," 566,763 "," 3,080 "," 86,760 "," 6,376 ", 15.3 , 1.1 ,,,,,,,,,,,
178,LA,Louisiana,4," 559,310 "," 2,947 "," 272,704 "," 2,032 ", 48.8 , 0.2 ," 286,606 "," 2,006 ", 51.2 , 0.2 ," 540,960 "," 3,650 "," 104,441 "," 6,848 ", 19.3 , 1.3 ,,,,,,,,,,,
179,LA,Louisiana,5," 555,804 "," 4,901 "," 274,214 "," 3,431 ", 49.3 , 0.4 ," 281,590 "," 3,176 ", 50.7 , 0.4 ," 513,602 "," 5,593 "," 103,696 "," 7,241 ", 20.2 , 1.4 ,,,,,,,,,,,
180,LA,Louisiana,6," 585,015 "," 7,251 "," 276,949 "," 4,524 ", 47.3 , 0.5 ," 308,066 "," 5,016 ", 52.7 , 0.5 ," 575,426 "," 7,484 "," 60,246 "," 6,810 ", 10.5 , 1.2 ,,,,,,,,,,,
181,ME,Maine,1," 546,625 "," 3,606 "," 262,366 "," 2,111 ", 48.0 , 0.3 ," 284,259 "," 2,832 ", 52.0 , 0.3 ," 533,126 "," 3,644 "," 46,725 "," 3,660 ", 8.8 , 0.7 ,,,,,,,,,,,
182,ME,Maine,2," 524,036 "," 3,159 "," 256,001 "," 1,903 ", 48.9 , 0.2 ," 268,035 "," 2,046 ", 51.1 , 0.2 ," 509,879 "," 3,122 "," 67,713 "," 3,868 ", 13.3 , 0.8 ,,,,,,,,,,,
183,MD,Maryland,1," 567,926 "," 5,943 "," 274,632 "," 3,572 ", 48.4 , 0.3 ," 293,294 "," 3,492 ", 51.6 , 0.3 ," 552,884 "," 6,568 "," 42,578 "," 4,192 ", 7.7 , 0.8 ,,,,,,,,,,,
184,MD,Maryland,2," 560,167 "," 10,243 "," 260,668 "," 6,027 ", 46.5 , 0.6 ," 299,499 "," 6,329 ", 53.5 , 0.6 ," 543,593 "," 10,338 "," 51,775 "," 5,573 ", 9.5 , 1.0 ,,,,,,,,,,,
185,MD,Maryland,3," 545,892 "," 12,375 "," 264,371 "," 7,192 ", 48.4 , 0.7 ," 281,521 "," 7,306 ", 51.6 , 0.7 ," 528,919 "," 12,548 "," 36,310 "," 3,391 ", 6.9 , 0.6 ,,,,,,,,,,,
186,MD,Maryland,4," 503,398 "," 11,202 "," 233,987 "," 6,750 ", 46.5 , 0.7 ," 269,411 "," 6,363 ", 53.5 , 0.7 ," 499,442 "," 10,788 "," 29,106 "," 3,549 ", 5.8 , 0.7 ,,,,,,,,,,,
187,MD,Maryland,5," 556,897 "," 9,297 "," 266,835 "," 5,993 ", 47.9 , 0.5 ," 290,062 "," 5,047 ", 52.1 , 0.5 ," 538,164 "," 9,303 "," 32,040 "," 3,837 ", 6.0 , 0.7 ,,,,,,,,,,,
188,MD,Maryland,6," 523,698 "," 8,346 "," 256,158 "," 5,437 ", 48.9 , 0.6 ," 267,540 "," 5,119 ", 51.1 , 0.6 ," 503,145 "," 8,828 "," 41,902 "," 3,781 ", 8.3 , 0.7 ,,,,,,,,,,,
189,MD,Maryland,7," 528,398 "," 10,931 "," 244,249 "," 5,649 ", 46.2 , 0.6 ," 284,149 "," 7,121 ", 53.8 , 0.6 ," 509,441 "," 10,915 "," 70,189 "," 5,904 ", 13.8 , 1.1 ,,,,,,,,,,,
190,MD,Maryland,8," 533,774 "," 9,035 "," 255,084 "," 5,546 ", 47.8 , 0.7 ," 278,690 "," 5,904 ", 52.2 , 0.7 ," 525,419 "," 9,117 "," 27,438 "," 3,494 ", 5.2 , 0.6 ,,,,,,,,,,,
191,MA,Massachusetts,1," 568,024 "," 5,218 "," 266,490 "," 3,279 ", 46.9 , 0.4 ," 301,534 "," 3,461 ", 53.1 , 0.4 ," 546,653 "," 5,413 "," 65,836 "," 4,252 ", 12.0 , 0.8 ,,,,,,,,,,,
192,MA,Massachusetts,2," 558,962 "," 8,532 "," 269,755 "," 4,989 ", 48.3 , 0.5 ," 289,207 "," 5,115 ", 51.7 , 0.5 ," 522,617 "," 8,333 "," 45,937 "," 5,184 ", 8.8 , 1.0 ,,,,,,,,,,,
193,MA,Massachusetts,3," 543,580 "," 9,566 "," 267,058 "," 6,455 ", 49.1 , 0.8 ," 276,522 "," 6,323 ", 50.9 , 0.8 ," 529,486 "," 9,633 "," 45,122 "," 4,159 ", 8.5 , 0.8 ,,,,,,,,,,,
194,MA,Massachusetts,4," 559,943 "," 7,776 "," 264,258 "," 4,791 ", 47.2 , 0.6 ," 295,685 "," 5,511 ", 52.8 , 0.6 ," 538,159 "," 8,059 "," 33,098 "," 3,975 ", 6.2 , 0.7 ,,,,,,,,,,,
195,MA,Massachusetts,5," 535,109 "," 10,214 "," 254,313 "," 6,411 ", 47.5 , 0.7 ," 280,796 "," 6,067 ", 52.5 , 0.7 ," 513,186 "," 9,883 "," 30,239 "," 3,810 ", 5.9 , 0.8 ,,,,,,,,,,,
196,MA,Massachusetts,6," 577,241 "," 6,734 "," 273,324 "," 4,356 ", 47.4 , 0.6 ," 303,917 "," 5,037 ", 52.6 , 0.6 ," 562,214 "," 6,523 "," 40,491 "," 4,284 ", 7.2 , 0.8 ,,,,,,,,,,,
197,MA,Massachusetts,7," 558,430 "," 11,033 "," 261,887 "," 6,614 ", 46.9 , 0.8 ," 296,543 "," 7,348 ", 53.1 , 0.8 ," 516,378 "," 10,401 "," 78,640 "," 5,823 ", 15.2 , 1.1 ,,,,,,,,,,,
198,MA,Massachusetts,8," 561,241 "," 10,353 "," 271,141 "," 6,681 ", 48.3 , 0.7 ," 290,100 "," 6,388 ", 51.7 , 0.7 ," 547,326 "," 10,206 "," 34,217 "," 3,560 ", 6.3 , 0.7 ,,,,,,,,,,,
199,MA,Massachusetts,9," 573,274 "," 7,656 "," 272,549 "," 5,197 ", 47.5 , 0.5 ," 300,725 "," 4,618 ", 52.5 , 0.5 ," 562,197 "," 7,834 "," 47,427 "," 4,010 ", 8.4 , 0.7 ,,,,,,,,,,,
200,MI,Michigan,1," 564,858 "," 1,561 "," 286,708 "," 1,510 ", 50.8 , 0.2 ," 278,150 "," 1,247 ", 49.2 , 0.2 ," 546,107 "," 2,800 "," 65,586 "," 4,083 ", 12.0 , 0.7 ,,,,,,,,,,,
201,MI,Michigan,2," 551,323 "," 4,776 "," 270,056 "," 3,683 ", 49.0 , 0.4 ," 281,267 "," 3,012 ", 51.0 , 0.4 ," 534,886 "," 5,042 "," 55,290 "," 4,717 ", 10.3 , 0.9 ,,,,,,,,,,,
202,MI,Michigan,3," 551,028 "," 4,362 "," 269,805 "," 3,619 ", 49.0 , 0.5 ," 281,223 "," 3,351 ", 51.0 , 0.5 ," 537,073 "," 5,122 "," 55,617 "," 3,906 ", 10.4 , 0.7 ,,,,,,,,,,,
203,MI,Michigan,4," 554,938 "," 2,626 "," 275,776 "," 1,716 ", 49.7 , 0.3 ," 279,162 "," 2,124 ", 50.3 , 0.3 ," 531,080 "," 3,327 "," 71,584 "," 3,269 ", 13.5 , 0.6 ,,,,,,,,,,,
204,MI,Michigan,5," 520,558 "," 2,700 "," 249,502 "," 1,658 ", 47.9 , 0.2 ," 271,056 "," 1,986 ", 52.1 , 0.2 ," 515,340 "," 2,949 "," 80,779 "," 4,304 ", 15.7 , 0.8 ,,,,,,,,,,,
205,MI,Michigan,6," 541,981 "," 3,071 "," 263,696 "," 2,249 ", 48.7 , 0.2 ," 278,285 "," 1,625 ", 51.3 , 0.2 ," 531,118 "," 3,711 "," 64,711 "," 4,801 ", 12.2 , 0.9 ,,,,,,,,,,,
206,MI,Michigan,7," 548,462 "," 2,889 "," 271,940 "," 2,153 ", 49.6 , 0.3 ," 276,522 "," 2,010 ", 50.4 , 0.3 ," 528,311 "," 3,355 "," 48,683 "," 3,890 ", 9.2 , 0.7 ,,,,,,,,,,,
207,MI,Michigan,8," 554,462 "," 5,219 "," 270,121 "," 3,094 ", 48.7 , 0.4 ," 284,341 "," 3,674 ", 51.3 , 0.4 ," 536,158 "," 5,579 "," 50,669 "," 4,396 ", 9.5 , 0.8 ,,,,,,,,,,,
208,MI,Michigan,9," 552,114 "," 6,344 "," 266,809 "," 4,176 ", 48.3 , 0.6 ," 285,305 "," 4,813 ", 51.7 , 0.6 ," 547,797 "," 6,289 "," 58,611 "," 4,421 ", 10.7 , 0.8 ,,,,,,,,,,,
209,MI,Michigan,10," 553,804 "," 5,635 "," 272,084 "," 3,443 ", 49.1 , 0.4 ," 281,720 "," 3,768 ", 50.9 , 0.4 ," 547,765 "," 5,449 "," 49,350 "," 3,878 ", 9.0 , 0.7 ,,,,,,,,,,,
210,MI,Michigan,11," 534,817 "," 6,785 "," 258,134 "," 4,897 ", 48.3 , 0.5 ," 276,683 "," 3,937 ", 51.7 , 0.5 ," 529,991 "," 6,817 "," 31,151 "," 3,200 ", 5.9 , 0.6 ,,,,,,,,,,,
211,MI,Michigan,12," 526,943 "," 7,440 "," 255,173 "," 5,064 ", 48.4 , 0.6 ," 271,770 "," 4,612 ", 51.6 , 0.6 ," 509,760 "," 7,443 "," 71,305 "," 4,905 ", 14.0 , 0.9 ,,,,,,,,,,,
212,MI,Michigan,13," 474,739 "," 8,475 "," 220,128 "," 5,026 ", 46.4 , 0.8 ," 254,611 "," 6,155 ", 53.6 , 0.8 ," 469,472 "," 8,469 "," 115,844 "," 7,132 ", 24.7 , 1.4 ,,,,,,,,,,,
213,MI,Michigan,14," 512,851 "," 9,342 "," 237,874 "," 5,386 ", 46.4 , 0.7 ," 274,977 "," 6,637 ", 53.6 , 0.7 ," 504,057 "," 9,351 "," 86,226 "," 6,221 ", 17.1 , 1.2 ,,,,,,,,,,,
214,MN,Minnesota,1," 500,330 "," 2,914 "," 247,189 "," 1,847 ", 49.4 , 0.3 ," 253,141 "," 2,049 ", 50.6 , 0.3 ," 482,916 "," 3,745 "," 47,096 "," 3,344 ", 9.8 , 0.7 ,,,,,,,,,,,
215,MN,Minnesota,2," 511,914 "," 3,848 "," 247,867 "," 2,387 ", 48.4 , 0.3 ," 264,047 "," 2,314 ", 51.6 , 0.3 ," 503,107 "," 3,942 "," 27,606 "," 3,237 ", 5.5 , 0.6 ,,,,,,,,,,,
216,MN,Minnesota,3," 517,834 "," 7,590 "," 251,195 "," 4,822 ", 48.5 , 0.6 ," 266,639 "," 5,017 ", 51.5 , 0.6 ," 514,568 "," 7,677 "," 23,532 "," 2,833 ", 4.6 , 0.5 ,,,,,,,,,,,
217,MN,Minnesota,4," 510,862 "," 5,084 "," 243,687 "," 3,286 ", 47.7 , 0.4 ," 267,175 "," 3,008 ", 52.3 , 0.4 ," 496,836 "," 4,969 "," 46,437 "," 4,123 ", 9.3 , 0.8 ,,,,,,,,,,,
218,MN,Minnesota,5," 517,155 "," 6,617 "," 256,364 "," 4,401 ", 49.6 , 0.6 ," 260,791 "," 4,738 ", 50.4 , 0.6 ," 503,118 "," 6,872 "," 61,661 "," 4,573 ", 12.3 , 0.9 ,,,,,,,,,,,
219,MN,Minnesota,6," 525,551 "," 4,938 "," 264,594 "," 3,445 ", 50.3 , 0.4 ," 260,957 "," 3,062 ", 49.7 , 0.4 ," 515,433 "," 5,140 "," 32,509 "," 3,195 ", 6.3 , 0.6 ,,,,,,,,,,,
220,MN,Minnesota,7," 495,727 "," 2,489 "," 245,413 "," 2,072 ", 49.5 , 0.3 ," 250,314 "," 1,386 ", 50.5 , 0.3 ," 482,844 "," 2,772 "," 45,244 "," 2,582 ", 9.4 , 0.5 ,,,,,,,,,,,
221,MN,Minnesota,8," 527,541 "," 1,381 "," 266,984 "," 1,007 ", 50.6 , 0.2 ," 260,557 "," 1,158 ", 49.4 , 0.2 ," 512,566 "," 2,360 "," 58,844 "," 3,275 ", 11.5 , 0.6 ,,,,,,,,,,,
222,MS,Mississippi,1," 577,880 "," 2,748 "," 274,187 "," 2,315 ", 47.4 , 0.3 ," 303,693 "," 2,107 ", 52.6 , 0.3 ," 559,338 "," 3,469 "," 74,040 "," 5,443 ", 13.2 , 1.0 ,,,,,,,,,,,
223,MS,Mississippi,2," 523,479 "," 4,699 "," 246,408 "," 3,287 ", 47.1 , 0.4 ," 277,071 "," 2,728 ", 52.9 , 0.4 ," 496,061 "," 5,779 "," 101,273 "," 6,386 ", 20.4 , 1.3 ,,,,,,,,,,,
224,MS,Mississippi,3," 559,913 "," 5,338 "," 263,747 "," 3,977 ", 47.1 , 0.4 ," 296,166 "," 3,011 ", 52.9 , 0.4 ," 539,427 "," 6,012 "," 94,524 "," 6,462 ", 17.5 , 1.2 ,,,,,,,,,,,
225,MS,Mississippi,4," 579,386 "," 3,131 "," 278,636 "," 2,476 ", 48.1 , 0.3 ," 300,750 "," 2,421 ", 51.9 , 0.3 ," 560,746 "," 3,705 "," 97,084 "," 6,991 ", 17.3 , 1.3 ,,,,,,,,,,,
226,MO,Missouri,1," 549,361 "," 6,958 "," 253,168 "," 4,419 ", 46.1 , 0.5 ," 296,193 "," 4,298 ", 53.9 , 0.5 ," 534,195 "," 7,583 "," 86,150 "," 6,130 ", 16.1 , 1.2 ,,,,,,,,,,,
227,MO,Missouri,2," 575,828 "," 8,830 "," 272,618 "," 5,319 ", 47.3 , 0.5 ," 303,210 "," 5,451 ", 52.7 , 0.5 ," 565,960 "," 9,031 "," 24,873 "," 3,199 ", 4.4 , 0.6 ,,,,,,,,,,,
228,MO,Missouri,3," 602,748 "," 6,241 "," 295,360 "," 3,662 ", 49.0 , 0.3 ," 307,388 "," 3,557 ", 51.0 , 0.3 ," 585,685 "," 6,578 "," 43,942 "," 4,326 ", 7.5 , 0.7 ,,,,,,,,,,,
229,MO,Missouri,4," 584,925 "," 4,248 "," 289,078 "," 3,408 ", 49.4 , 0.4 ," 295,847 "," 2,917 ", 50.6 , 0.4 ," 553,519 "," 5,015 "," 79,363 "," 4,850 ", 14.3 , 0.9 ,,,,,,,,,,,
230,MO,Missouri,5," 573,775 "," 5,681 "," 274,276 "," 3,165 ", 47.8 , 0.3 ," 299,499 "," 3,463 ", 52.2 , 0.3 ," 563,867 "," 5,423 "," 62,939 "," 4,643 ", 11.2 , 0.8 ,,,,,,,,,,,
231,MO,Missouri,6," 583,457 "," 5,275 "," 287,409 "," 3,270 ", 49.3 , 0.3 ," 296,048 "," 3,212 ", 50.7 , 0.3 ," 558,571 "," 5,282 "," 50,539 "," 3,401 ", 9.0 , 0.6 ,,,,,,,,,,,
232,MO,Missouri,7," 595,559 "," 2,710 "," 287,998 "," 2,107 ", 48.4 , 0.2 ," 307,561 "," 1,844 ", 51.6 , 0.2 ," 578,418 "," 3,289 "," 81,695 "," 5,031 ", 14.1 , 0.9 ,,,,,,,,,,,
233,MO,Missouri,8," 567,717 "," 3,947 "," 280,877 "," 2,765 ", 49.5 , 0.3 ," 286,840 "," 2,525 ", 50.5 , 0.3 ," 545,199 "," 4,614 "," 87,592 "," 5,103 ", 16.1 , 0.9 ,,,,,,,,,,,
234,MT,Montana,At-large," 823,668 "," 2,462 "," 413,026 "," 2,760 ", 50.1 , 0.2 ," 410,642 "," 1,830 ", 49.9 , 0.2 ," 804,355 "," 2,455 "," 97,803 "," 5,705 ", 12.2 , 0.7 ,,,,,,,,,,,
235,NE,Nebraska,1," 473,676 "," 3,971 "," 236,555 "," 2,920 ", 49.9 , 0.3 ," 237,121 "," 2,192 ", 50.1 , 0.3 ," 457,270 "," 4,116 "," 45,705 "," 3,556 ", 10.0 , 0.8 ,,,,,,,,,,,
236,NE,Nebraska,2," 467,041 "," 4,132 "," 226,651 "," 2,588 ", 48.5 , 0.3 ," 240,390 "," 2,212 ", 51.5 , 0.3 ," 456,667 "," 4,259 "," 41,176 "," 3,498 ", 9.0 , 0.8 ,,,,,,,,,,,
237,NE,Nebraska,3," 439,543 "," 3,065 "," 216,125 "," 2,543 ", 49.2 , 0.4 ," 223,418 "," 1,963 ", 50.8 , 0.4 ," 424,327 "," 3,086 "," 43,757 "," 3,233 ", 10.3 , 0.8 ,,,,,,,,,,,
238,NV,Nevada,1," 418,811 "," 10,703 "," 211,011 "," 7,038 ", 50.4 , 0.9 ," 207,800 "," 6,024 ", 49.6 , 0.9 ," 412,668 "," 10,654 "," 75,734 "," 5,520 ", 18.4 , 1.2 ,,,,,,,,,,,
239,NV,Nevada,2," 531,489 "," 4,280 "," 268,234 "," 2,794 ", 50.5 , 0.4 ," 263,255 "," 3,246 ", 49.5 , 0.4 ," 521,800 "," 4,250 "," 45,749 "," 3,985 ", 8.8 , 0.8 ,,,,,,,,,,,
240,NV,Nevada,3," 607,915 "," 11,250 "," 298,190 "," 7,408 ", 49.1 , 0.8 ," 309,725 "," 7,157 ", 50.9 , 0.8 ," 606,083 "," 11,322 "," 42,769 "," 4,819 ", 7.1 , 0.8 ,,,,,,,,,,,
241,NV,Nevada,4," 516,951 "," 10,773 "," 258,915 "," 6,521 ", 50.1 , 0.7 ," 258,036 "," 6,307 ", 49.9 , 0.7 ," 505,533 "," 11,122 "," 55,887 "," 4,593 ", 11.1 , 0.9 ,,,,,,,,,,,
242,NH,New Hampshire,1," 540,224 "," 4,909 "," 265,533 "," 3,256 ", 49.2 , 0.4 ," 274,691 "," 3,269 ", 50.8 , 0.4 ," 523,141 "," 5,259 "," 35,655 "," 3,454 ", 6.8 , 0.7 ,,,,,,,,,,,
243,NH,New Hampshire,2," 529,588 "," 4,458 "," 260,293 "," 3,095 ", 49.2 , 0.4 ," 269,295 "," 3,082 ", 50.8 , 0.4 ," 510,009 "," 4,684 "," 33,260 "," 3,257 ", 6.5 , 0.6 ,,,,,,,,,,,
244,NJ,New Jersey,1," 542,034 "," 6,191 "," 258,989 "," 3,496 ", 47.8 , 0.4 ," 283,045 "," 4,006 ", 52.2 , 0.4 ," 533,571 "," 6,358 "," 53,128 "," 4,139 ", 10.0 , 0.7 ,,,,,,,,,,,
245,NJ,New Jersey,2," 531,339 "," 6,456 "," 257,404 "," 3,611 ", 48.4 , 0.4 ," 273,935 "," 4,223 ", 51.6 , 0.4 ," 513,349 "," 6,963 "," 49,849 "," 5,054 ", 9.7 , 1.0 ,,,,,,,,,,,
246,NJ,New Jersey,3," 570,276 "," 5,881 "," 276,793 "," 3,312 ", 48.5 , 0.3 ," 293,483 "," 3,670 ", 51.5 , 0.3 ," 558,203 "," 8,204 "," 30,679 "," 3,304 ", 5.5 , 0.6 ,,,,,,,,,,,
247,NJ,New Jersey,4," 539,643 "," 8,273 "," 253,208 "," 5,334 ", 46.9 , 0.5 ," 286,435 "," 4,559 ", 53.1 , 0.5 ," 533,840 "," 7,957 "," 31,194 "," 4,056 ", 5.8 , 0.7 ,,,,,,,,,,,
248,NJ,New Jersey,5," 527,932 "," 8,667 "," 252,797 "," 5,109 ", 47.9 , 0.5 ," 275,135 "," 5,262 ", 52.1 , 0.5 ," 517,601 "," 8,437 "," 22,025 "," 3,394 ", 4.3 , 0.7 ,,,,,,,,,,,
249,NJ,New Jersey,6," 502,463 "," 7,651 "," 247,252 "," 4,984 ", 49.2 , 0.6 ," 255,211 "," 4,984 ", 50.8 , 0.6 ," 475,444 "," 8,019 "," 37,453 "," 3,483 ", 7.9 , 0.7 ,,,,,,,,,,,
250,NJ,New Jersey,7," 527,076 "," 9,094 "," 254,674 "," 5,391 ", 48.3 , 0.5 ," 272,402 "," 5,375 ", 51.7 , 0.5 ," 520,070 "," 9,257 "," 20,223 "," 2,587 ", 3.9 , 0.5 ,,,,,,,,,,,
251,NJ,New Jersey,8," 425,604 "," 11,139 "," 207,269 "," 7,178 ", 48.7 , 1.0 ," 218,335 "," 6,677 ", 51.3 , 1.0 ," 420,513 "," 11,315 "," 47,592 "," 4,070 ", 11.3 , 1.0 ,,,,,,,,,,,
252,NJ,New Jersey,9," 481,499 "," 11,594 "," 230,505 "," 7,064 ", 47.9 , 0.7 ," 250,994 "," 6,395 ", 52.1 , 0.7 ," 479,380 "," 11,396 "," 49,046 "," 5,555 ", 10.2 , 1.2 ,,,,,,,,,,,
253,NJ,New Jersey,10," 496,051 "," 9,959 "," 234,506 "," 6,416 ", 47.3 , 0.7 ," 261,545 "," 5,641 ", 52.7 , 0.7 ," 480,735 "," 10,228 "," 65,422 "," 6,113 ", 13.6 , 1.2 ,,,,,,,,,,,
254,NJ,New Jersey,11," 548,734 "," 8,988 "," 261,914 "," 5,463 ", 47.7 , 0.5 ," 286,820 "," 5,346 ", 52.3 , 0.5 ," 536,031 "," 8,852 "," 21,125 "," 3,248 ", 3.9 , 0.6 ,,,,,,,,,,,
255,NJ,New Jersey,12," 505,683 "," 9,993 "," 242,465 "," 5,596 ", 47.9 , 0.7 ," 263,218 "," 6,460 ", 52.1 , 0.7 ," 489,002 "," 10,060 "," 36,428 "," 3,860 ", 7.4 , 0.8 ,,,,,,,,,,,
256,NM,New Mexico,1," 514,775 "," 6,996 "," 249,488 "," 4,447 ", 48.5 , 0.4 ," 265,287 "," 3,567 ", 51.5 , 0.4 ," 508,282 "," 7,490 "," 73,116 "," 5,462 ", 14.4 , 1.1 ,,,,,,,,,,,
257,NM,New Mexico,2," 484,702 "," 6,155 "," 239,241 "," 4,360 ", 49.4 , 0.5 ," 245,461 "," 3,523 ", 50.6 , 0.5 ," 467,832 "," 6,758 "," 84,825 "," 6,819 ", 18.1 , 1.4 ,,,,,,,,,,,
258,NM,New Mexico,3," 507,907 "," 5,741 "," 246,780 "," 3,806 ", 48.6 , 0.5 ," 261,127 "," 3,687 ", 51.4 , 0.5 ," 499,664 "," 6,149 "," 89,207 "," 4,764 ", 17.9 , 1.0 ,,,,,,,,,,,
259,NY,New York,1," 530,436 "," 8,854 "," 257,571 "," 5,857 ", 48.6 , 0.6 ," 272,865 "," 4,927 ", 51.4 , 0.6 ," 519,175 "," 9,092 "," 31,046 "," 3,783 ", 6.0 , 0.7 ,,,,,,,,,,,
260,NY,New York,2," 515,987 "," 10,089 "," 252,580 "," 6,716 ", 49.0 , 0.7 ," 263,407 "," 5,872 ", 51.0 , 0.7 ," 512,695 "," 9,995 "," 31,530 "," 3,951 ", 6.1 , 0.8 ,,,,,,,,,,,
261,NY,New York,3," 521,235 "," 9,204 "," 248,504 "," 6,072 ", 47.7 , 0.7 ," 272,731 "," 5,713 ", 52.3 , 0.7 ," 512,317 "," 8,948 "," 25,261 "," 3,714 ", 4.9 , 0.7 ,,,,,,,,,,,
262,NY,New York,4," 506,457 "," 8,321 "," 240,633 "," 5,110 ", 47.5 , 0.7 ," 265,824 "," 5,563 ", 52.5 , 0.7 ," 497,226 "," 8,644 "," 23,349 "," 3,387 ", 4.7 , 0.7 ,,,,,,,,,,,
263,NY,New York,5," 501,784 "," 12,659 "," 232,458 "," 7,387 ", 46.3 , 0.7 ," 269,326 "," 7,093 ", 53.7 , 0.7 ," 493,643 "," 12,675 "," 47,721 "," 5,173 ", 9.7 , 1.0 ,,,,,,,,,,,
264,NY,New York,6," 448,065 "," 12,825 "," 212,441 "," 6,998 ", 47.4 , 0.8 ," 235,624 "," 7,517 ", 52.6 , 0.8 ," 443,584 "," 13,050 "," 41,855 "," 4,167 ", 9.4 , 0.9 ,,,,,,,,,,,
265,NY,New York,7," 446,196 "," 14,230 "," 214,479 "," 8,862 ", 48.1 , 0.9 ," 231,717 "," 7,510 ", 51.9 , 0.9 ," 439,774 "," 13,083 "," 79,879 "," 6,384 ", 18.2 , 1.3 ,,,,,,,,,,,
266,NY,New York,8," 540,660 "," 13,211 "," 233,029 "," 7,243 ", 43.1 , 0.7 ," 307,631 "," 7,794 ", 56.9 , 0.7 ," 534,467 "," 12,725 "," 96,821 "," 6,611 ", 18.1 , 1.2 ,,,,,,,,,,,
267,NY,New York,9," 486,880 "," 12,651 "," 218,455 "," 7,896 ", 44.9 , 0.8 ," 268,425 "," 6,874 ", 55.1 , 0.8 ," 483,155 "," 12,728 "," 61,616 "," 5,004 ", 12.8 , 1.0 ,,,,,,,,,,,
268,NY,New York,10," 473,542 "," 10,788 "," 221,514 "," 7,383 ", 46.8 , 1.1 ," 252,028 "," 7,695 ", 53.2 , 1.1 ," 458,508 "," 10,613 "," 57,042 "," 5,508 ", 12.4 , 1.1 ,,,,,,,,,,,
269,NY,New York,11," 500,998 "," 8,100 "," 237,048 "," 5,064 ", 47.3 , 0.6 ," 263,950 "," 4,740 ", 52.7 , 0.6 ," 495,306 "," 8,017 "," 54,201 "," 5,648 ", 10.9 , 1.1 ,,,,,,,,,,,
270,NY,New York,12," 530,252 "," 14,243 "," 250,793 "," 8,883 ", 47.3 , 0.9 ," 279,459 "," 8,386 ", 52.7 , 0.9 ," 513,697 "," 14,449 "," 48,742 "," 5,603 ", 9.5 , 1.0 ,,,,,,,,,,,
271,NY,New York,13," 505,003 "," 13,783 "," 232,128 "," 8,527 ", 46.0 , 1.1 ," 272,875 "," 8,875 ", 54.0 , 1.1 ," 497,817 "," 13,503 "," 109,993 "," 8,000 ", 22.1 , 1.5 ,,,,,,,,,,,
272,NY,New York,14," 392,398 "," 12,236 "," 194,391 "," 7,578 ", 49.5 , 1.1 ," 198,007 "," 7,445 ", 50.5 , 1.1 ," 380,258 "," 12,061 "," 44,703 "," 4,775 ", 11.8 , 1.2 ,,,,,,,,,,,
273,NY,New York,15," 410,819 "," 11,144 "," 184,098 "," 6,922 ", 44.8 , 1.1 ," 226,721 "," 7,228 ", 55.2 , 1.1 ," 405,180 "," 11,520 "," 121,432 "," 7,082 ", 30.0 , 1.6 ,,,,,,,,,,,
274,NY,New York,16," 498,243 "," 10,607 "," 223,699 "," 6,847 ", 44.9 , 0.8 ," 274,544 "," 6,340 ", 55.1 , 0.8 ," 485,031 "," 10,732 "," 51,192 "," 5,831 ", 10.6 , 1.1 ,,,,,,,,,,,
275,NY,New York,17," 502,861 "," 6,893 "," 241,981 "," 5,055 ", 48.1 , 0.7 ," 260,880 "," 4,534 ", 51.9 , 0.7 ," 489,310 "," 6,882 "," 36,680 "," 3,789 ", 7.5 , 0.8 ,,,,,,,,,,,
276,NY,New York,18," 524,373 "," 5,240 "," 258,678 "," 3,446 ", 49.3 , 0.4 ," 265,695 "," 2,982 ", 50.7 , 0.4 ," 505,373 "," 5,624 "," 38,590 "," 3,818 ", 7.6 , 0.8 ,,,,,,,,,,,
277,NY,New York,19," 553,713 "," 5,607 "," 276,166 "," 3,405 ", 49.9 , 0.3 ," 277,547 "," 3,351 ", 50.1 , 0.3 ," 527,441 "," 6,107 "," 58,461 "," 4,544 ", 11.1 , 0.8 ,,,,,,,,,,,
278,NY,New York,20," 557,251 "," 5,438 "," 266,403 "," 3,404 ", 47.8 , 0.4 ," 290,848 "," 3,441 ", 52.2 , 0.4 ," 532,729 "," 5,768 "," 50,906 "," 4,569 ", 9.6 , 0.8 ,,,,,,,,,,,
279,NY,New York,21," 551,303 "," 4,192 "," 283,623 "," 2,631 ", 51.4 , 0.3 ," 267,680 "," 2,509 ", 48.6 , 0.3 ," 516,373 "," 4,562 "," 54,118 "," 3,733 ", 10.5 , 0.7 ,,,,,,,,,,,
280,NY,New York,22," 539,437 "," 3,753 "," 265,317 "," 2,167 ", 49.2 , 0.2 ," 274,120 "," 2,178 ", 50.8 , 0.2 ," 510,768 "," 4,683 "," 64,552 "," 4,986 ", 12.6 , 1.0 ,,,,,,,,,,,
281,NY,New York,23," 544,564 "," 3,340 "," 267,455 "," 2,699 ", 49.1 , 0.4 ," 277,109 "," 2,460 ", 50.9 , 0.4 ," 510,456 "," 4,410 "," 70,217 "," 5,023 ", 13.8 , 1.0 ,,,,,,,,,,,
282,NY,New York,24," 539,797 "," 2,939 "," 260,293 "," 2,116 ", 48.2 , 0.2 ," 279,504 "," 1,736 ", 51.8 , 0.2 ," 514,966 "," 4,606 "," 58,584 "," 4,685 ", 11.4 , 0.9 ,,,,,,,,,,,
283,NY,New York,25," 543,698 "," 4,648 "," 257,318 "," 2,497 ", 47.3 , 0.3 ," 286,380 "," 2,996 ", 52.7 , 0.3 ," 523,100 "," 4,899 "," 68,088 "," 4,719 ", 13.0 , 0.9 ,,,,,,,,,,,
284,NY,New York,26," 539,694 "," 5,187 "," 255,091 "," 3,873 ", 47.3 , 0.5 ," 284,603 "," 3,636 ", 52.7 , 0.5 ," 523,261 "," 5,448 "," 72,530 "," 4,865 ", 13.9 , 0.9 ,,,,,,,,,,,
285,NY,New York,27," 564,383 "," 5,939 "," 278,943 "," 4,875 ", 49.4 , 0.5 ," 285,440 "," 3,484 ", 50.6 , 0.5 ," 545,584 "," 5,277 "," 42,730 "," 4,147 ", 7.8 , 0.8 ,,,,,,,,,,,
286,NC,North Carolina,1," 566,173 "," 6,735 "," 262,291 "," 4,179 ", 46.3 , 0.5 ," 303,882 "," 4,387 ", 53.7 , 0.5 ," 536,378 "," 7,576 "," 89,085 "," 6,707 ", 16.6 , 1.2 ,,,,,,,,,,,
287,NC,North Carolina,2," 601,142 "," 7,863 "," 291,498 "," 5,030 ", 48.5 , 0.6 ," 309,644 "," 5,390 ", 51.5 , 0.6 ," 593,495 "," 7,698 "," 42,953 "," 5,590 ", 7.2 , 0.9 ,,,,,,,,,,,
288,NC,North Carolina,3," 579,504 "," 4,996 "," 293,180 "," 3,031 ", 50.6 , 0.4 ," 286,324 "," 3,771 ", 49.4 , 0.4 ," 545,792 "," 6,035 "," 72,185 "," 5,678 ", 13.2 , 1.0 ,,,,,,,,,,,
289,NC,North Carolina,4," 624,834 "," 7,413 "," 294,403 "," 5,145 ", 47.1 , 0.7 ," 330,431 "," 5,912 ", 52.9 , 0.7 ," 596,963 "," 7,777 "," 56,009 "," 5,389 ", 9.4 , 0.9 ,,,,,,,,,,,
290,NC,North Carolina,5," 572,721 "," 3,131 "," 271,575 "," 2,411 ", 47.4 , 0.3 ," 301,146 "," 1,958 ", 52.6 , 0.3 ," 550,670 "," 4,377 "," 76,313 "," 5,733 ", 13.9 , 1.0 ,,,,,,,,,,,
291,NC,North Carolina,6," 567,392 "," 5,676 "," 268,248 "," 3,916 ", 47.3 , 0.4 ," 299,144 "," 3,356 ", 52.7 , 0.4 ," 555,732 "," 5,562 "," 62,094 "," 5,762 ", 11.2 , 1.0 ,,,,,,,,,,,
292,NC,North Carolina,7," 613,510 "," 5,769 "," 291,864 "," 3,165 ", 47.6 , 0.3 ," 321,646 "," 3,527 ", 52.4 , 0.3 ," 598,995 "," 6,103 "," 81,576 "," 6,015 ", 13.6 , 1.0 ,,,,,,,,,,,
293,NC,North Carolina,8," 581,896 "," 5,618 "," 280,980 "," 3,975 ", 48.3 , 0.4 ," 300,916 "," 3,251 ", 51.7 , 0.4 ," 560,326 "," 5,896 "," 64,418 "," 4,460 ", 11.5 , 0.8 ,,,,,,,,,,,
294,NC,North Carolina,9," 561,804 "," 6,951 "," 267,655 "," 4,385 ", 47.6 , 0.4 ," 294,149 "," 3,980 ", 52.4 , 0.4 ," 548,599 "," 7,196 "," 56,464 "," 3,898 ", 10.3 , 0.7 ,,,,,,,,,,,
295,NC,North Carolina,10," 585,102 "," 4,892 "," 277,020 "," 3,342 ", 47.3 , 0.3 ," 308,082 "," 2,792 ", 52.7 , 0.3 ," 572,654 "," 5,024 "," 70,692 "," 6,384 ", 12.3 , 1.1 ,,,,,,,,,,,
296,NC,North Carolina,11," 604,505 "," 5,083 "," 289,081 "," 3,620 ", 47.8 , 0.4 ," 315,424 "," 3,408 ", 52.2 , 0.4 ," 591,536 "," 5,410 "," 74,390 "," 5,709 ", 12.6 , 1.0 ,,,,,,,,,,,
297,NC,North Carolina,12," 591,843 "," 7,234 "," 275,402 "," 4,765 ", 46.5 , 0.5 ," 316,441 "," 4,165 ", 53.5 , 0.5 ," 581,131 "," 7,669 "," 54,940 "," 5,101 ", 9.5 , 0.8 ,,,,,,,,,,,
298,NC,North Carolina,13," 579,274 "," 7,005 "," 271,691 "," 4,387 ", 46.9 , 0.4 ," 307,583 "," 4,163 ", 53.1 , 0.4 ," 560,122 "," 7,300 "," 65,082 "," 4,904 ", 11.6 , 0.8 ,,,,,,,,,,,
299,ND,North Dakota,At-large," 567,351 "," 3,196 "," 291,026 "," 2,449 ", 51.3 , 0.3 ," 276,325 "," 2,146 ", 48.7 , 0.3 ," 546,513 "," 3,199 "," 57,163 "," 4,106 ", 10.5 , 0.8 ,,,,,,,,,,,
300,OH,Ohio,1," 541,695 "," 5,990 "," 262,456 "," 4,675 ", 48.5 , 0.6 ," 279,239 "," 4,175 ", 51.5 , 0.6 ," 522,774 "," 6,243 "," 61,323 "," 4,170 ", 11.7 , 0.8 ,,,,,,,,,,,
301,OH,Ohio,2," 557,971 "," 6,728 "," 267,271 "," 5,218 ", 47.9 , 0.6 ," 290,700 "," 4,145 ", 52.1 , 0.6 ," 550,012 "," 6,891 "," 65,318 "," 4,923 ", 11.9 , 0.9 ,,,,,,,,,,,
302,OH,Ohio,3," 560,963 "," 8,952 "," 262,190 "," 5,831 ", 46.7 , 0.6 ," 298,773 "," 5,631 ", 53.3 , 0.6 ," 543,140 "," 9,357 "," 87,584 "," 6,728 ", 16.1 , 1.2 ,,,,,,,,,,,
303,OH,Ohio,4," 542,874 "," 4,816 "," 269,636 "," 2,954 ", 49.7 , 0.3 ," 273,238 "," 3,151 ", 50.3 , 0.3 ," 517,764 "," 4,921 "," 53,877 "," 4,187 ", 10.4 , 0.8 ,,,,,,,,,,,
304,OH,Ohio,5," 549,171 "," 4,850 "," 265,489 "," 3,309 ", 48.3 , 0.3 ," 283,682 "," 2,727 ", 51.7 , 0.3 ," 533,728 "," 5,196 "," 49,753 "," 3,496 ", 9.3 , 0.7 ,,,,,,,,,,,
305,OH,Ohio,6," 545,803 "," 4,800 "," 271,382 "," 2,846 ", 49.7 , 0.3 ," 274,421 "," 3,226 ", 50.3 , 0.3 ," 526,363 "," 4,910 "," 78,256 "," 5,421 ", 14.9 , 1.0 ,,,,,,,,,,,
306,OH,Ohio,7," 557,024 "," 7,057 "," 267,916 "," 3,924 ", 48.1 , 0.4 ," 289,108 "," 4,405 ", 51.9 , 0.4 ," 544,781 "," 7,134 "," 55,197 "," 4,619 ", 10.1 , 0.8 ,,,,,,,,,,,
307,OH,Ohio,8," 546,406 "," 2,927 "," 263,947 "," 2,017 ", 48.3 , 0.2 ," 282,459 "," 1,832 ", 51.7 , 0.2 ," 532,437 "," 3,308 "," 53,264 "," 4,018 ", 10.0 , 0.8 ,,,,,,,,,,,
308,OH,Ohio,9," 545,749 "," 8,394 "," 263,532 "," 5,216 ", 48.3 , 0.6 ," 282,217 "," 5,460 ", 51.7 , 0.6 ," 534,835 "," 8,753 "," 89,928 "," 4,942 ", 16.8 , 0.9 ,,,,,,,,,,,
309,OH,Ohio,10," 552,514 "," 2,402 "," 263,435 "," 1,576 ", 47.7 , 0.2 ," 289,079 "," 1,630 ", 52.3 , 0.2 ," 526,770 "," 3,839 "," 71,539 "," 4,635 ", 13.6 , 0.9 ,,,,,,,,,,,
310,OH,Ohio,11," 524,803 "," 8,831 "," 238,090 "," 5,160 ", 45.4 , 0.6 ," 286,713 "," 5,597 ", 54.6 , 0.6 ," 507,302 "," 8,615 "," 107,065 "," 6,607 ", 21.1 , 1.2 ,,,,,,,,,,,
311,OH,Ohio,12," 585,940 "," 7,173 "," 290,618 "," 4,182 ", 49.6 , 0.5 ," 295,322 "," 4,746 ", 50.4 , 0.5 ," 569,339 "," 7,359 "," 49,050 "," 4,566 ", 8.6 , 0.8 ,,,,,,,,,,,
312,OH,Ohio,13," 559,931 "," 7,719 "," 268,927 "," 5,171 ", 48.0 , 0.5 ," 291,004 "," 4,553 ", 52.0 , 0.5 ," 541,535 "," 8,375 "," 80,108 "," 5,390 ", 14.8 , 0.9 ,,,,,,,,,,,
313,OH,Ohio,14," 553,668 "," 6,479 "," 266,077 "," 4,672 ", 48.1 , 0.5 ," 287,591 "," 3,580 ", 51.9 , 0.5 ," 544,116 "," 6,583 "," 36,742 "," 3,973 ", 6.8 , 0.7 ,,,,,,,,,,,
314,OH,Ohio,15," 586,092 "," 6,358 "," 292,487 "," 4,276 ", 49.9 , 0.5 ," 293,605 "," 4,537 ", 50.1 , 0.5 ," 556,465 "," 6,391 "," 61,556 "," 5,446 ", 11.1 , 1.0 ,,,,,,,,,,,
315,OH,Ohio,16," 553,316 "," 8,332 "," 269,087 "," 5,634 ", 48.6 , 0.6 ," 284,229 "," 4,688 ", 51.4 , 0.6 ," 543,064 "," 8,165 "," 33,622 "," 3,327 ", 6.2 , 0.6 ,,,,,,,,,,,
316,OK,Oklahoma,1," 565,812 "," 2,986 "," 270,452 "," 1,944 ", 47.8 , 0.2 ," 295,360 "," 1,680 ", 52.2 , 0.2 ," 558,168 "," 3,080 "," 62,121 "," 3,911 ", 11.1 , 0.7 ,,,,,,,,,,,
317,OK,Oklahoma,2," 564,213 "," 2,174 "," 275,370 "," 1,612 ", 48.8 , 0.2 ," 288,843 "," 1,467 ", 51.2 , 0.2 ," 543,589 "," 2,345 "," 91,676 "," 4,235 ", 16.9 , 0.8 ,,,,,,,,,,,
318,OK,Oklahoma,3," 571,661 "," 2,631 "," 285,869 "," 2,638 ", 50.0 , 0.4 ," 285,792 "," 2,249 ", 50.0 , 0.4 ," 545,818 "," 3,254 "," 71,757 "," 3,998 ", 13.1 , 0.7 ,,,,,,,,,,,
319,OK,Oklahoma,4," 589,702 "," 4,619 "," 291,854 "," 3,261 ", 49.5 , 0.4 ," 297,848 "," 3,223 ", 50.5 , 0.4 ," 563,986 "," 5,630 "," 66,997 "," 4,660 ", 11.9 , 0.8 ,,,,,,,,,,,
320,OK,Oklahoma,5," 561,277 "," 5,517 "," 266,722 "," 3,705 ", 47.5 , 0.3 ," 294,555 "," 2,949 ", 52.5 , 0.3 ," 547,860 "," 5,932 "," 72,937 "," 5,364 ", 13.3 , 1.0 ,,,,,,,,,,,
321,OR,Oregon,1," 606,198 "," 6,201 "," 294,448 "," 3,825 ", 48.6 , 0.4 ," 311,750 "," 3,790 ", 51.4 , 0.4 ," 596,872 "," 6,086 "," 48,348 "," 3,990 ", 8.1 , 0.7 ,,,,,,,,,,,
322,OR,Oregon,2," 619,186 "," 4,754 "," 305,421 "," 3,329 ", 49.3 , 0.3 ," 313,765 "," 2,924 ", 50.7 , 0.3 ," 605,564 "," 4,930 "," 73,367 "," 4,712 ", 12.1 , 0.8 ,,,,,,,,,,,
323,OR,Oregon,3," 627,716 "," 5,932 "," 309,299 "," 4,346 ", 49.3 , 0.5 ," 318,417 "," 4,190 ", 50.7 , 0.5 ," 616,973 "," 6,051 "," 65,208 "," 4,395 ", 10.6 , 0.7 ,,,,,,,,,,,
324,OR,Oregon,4," 638,548 "," 5,000 "," 313,807 "," 3,212 ", 49.1 , 0.3 ," 324,741 "," 3,319 ", 50.9 , 0.3 ," 626,815 "," 5,306 "," 96,381 "," 5,557 ", 15.4 , 0.9 ,,,,,,,,,,,
325,OR,Oregon,5," 606,523 "," 6,245 "," 295,492 "," 3,812 ", 48.7 , 0.4 ," 311,031 "," 3,958 ", 51.3 , 0.4 ," 595,610 "," 6,522 "," 60,545 "," 4,545 ", 10.2 , 0.8 ,,,,,,,,,,,
326,PA,Pennsylvania,1," 544,860 "," 4,939 "," 264,421 "," 2,854 ", 48.5 , 0.3 ," 280,439 "," 3,031 ", 51.5 , 0.3 ," 537,518 "," 5,137 "," 27,607 "," 3,201 ", 5.1 , 0.6 ,,,,,,,,,,,
327,PA,Pennsylvania,2," 496,510 "," 12,153 "," 234,087 "," 7,949 ", 47.1 , 0.9 ," 262,423 "," 7,222 ", 52.9 , 0.9 ," 487,446 "," 11,896 "," 105,114 "," 7,563 ", 21.6 , 1.5 ,,,,,,,,,,,
328,PA,Pennsylvania,3," 564,612 "," 11,678 "," 253,086 "," 8,663 ", 44.8 , 0.9 ," 311,526 "," 6,429 ", 55.2 , 0.9 ," 538,968 "," 11,018 "," 113,844 "," 9,060 ", 21.1 , 1.6 ,,,,,,,,,,,
329,PA,Pennsylvania,4," 543,723 "," 4,822 "," 260,436 "," 3,175 ", 47.9 , 0.3 ," 283,287 "," 2,790 ", 52.1 , 0.3 ," 528,636 "," 5,093 "," 28,462 "," 3,113 ", 5.4 , 0.6 ,,,,,,,,,,,
330,PA,Pennsylvania,5," 519,983 "," 6,115 "," 243,516 "," 3,936 ", 46.8 , 0.5 ," 276,467 "," 4,298 ", 53.2 , 0.5 ," 498,676 "," 6,147 "," 45,199 "," 4,064 ", 9.1 , 0.8 ,,,,,,,,,,,
331,PA,Pennsylvania,6," 522,912 "," 4,827 "," 252,469 "," 3,426 ", 48.3 , 0.4 ," 270,443 "," 3,170 ", 51.7 , 0.4 ," 507,935 "," 5,382 "," 39,976 "," 4,110 ", 7.9 , 0.8 ,,,,,,,,,,,
332,PA,Pennsylvania,7," 552,078 "," 4,662 "," 267,694 "," 2,749 ", 48.5 , 0.3 ," 284,384 "," 3,132 ", 51.5 , 0.3 ," 533,234 "," 4,905 "," 53,161 "," 5,042 ", 10.0 , 0.9 ,,,,,,,,,,,
333,PA,Pennsylvania,8," 535,133 "," 5,536 "," 261,619 "," 3,280 ", 48.9 , 0.4 ," 273,514 "," 3,607 ", 51.1 , 0.4 ," 516,034 "," 5,925 "," 59,557 "," 4,825 ", 11.5 , 0.9 ,,,,,,,,,,,
334,PA,Pennsylvania,9," 555,775 "," 5,005 "," 277,295 "," 3,543 ", 49.9 , 0.4 ," 278,480 "," 2,765 ", 50.1 , 0.4 ," 528,749 "," 5,803 "," 49,237 "," 3,694 ", 9.3 , 0.7 ,,,,,,,,,,,
335,PA,Pennsylvania,10," 552,761 "," 5,816 "," 266,462 "," 3,427 ", 48.2 , 0.4 ," 286,299 "," 3,596 ", 51.8 , 0.4 ," 531,726 "," 6,384 "," 46,291 "," 4,124 ", 8.7 , 0.8 ,,,,,,,,,,,
336,PA,Pennsylvania,11," 553,568 "," 5,995 "," 269,825 "," 3,504 ", 48.7 , 0.3 ," 283,743 "," 3,613 ", 51.3 , 0.3 ," 543,005 "," 6,030 "," 37,367 "," 3,419 ", 6.9 , 0.6 ,,,,,,,,,,,
337,PA,Pennsylvania,12," 551,022 "," 3,977 "," 273,160 "," 3,224 ", 49.6 , 0.4 ," 277,862 "," 2,517 ", 50.4 , 0.4 ," 516,051 "," 4,837 "," 66,048 "," 3,846 ", 12.8 , 0.7 ,,,,,,,,,,,
338,PA,Pennsylvania,13," 545,111 "," 3,919 "," 268,312 "," 2,760 ", 49.2 , 0.4 ," 276,799 "," 3,151 ", 50.8 , 0.4 ," 523,708 "," 4,594 "," 52,637 "," 4,644 ", 10.1 , 0.9 ,,,,,,,,,,,
339,PA,Pennsylvania,14," 551,164 "," 2,665 "," 268,241 "," 1,759 ", 48.7 , 0.2 ," 282,923 "," 1,499 ", 51.3 , 0.2 ," 534,212 "," 3,132 "," 50,791 "," 3,317 ", 9.5 , 0.6 ,,,,,,,,,,,
340,PA,Pennsylvania,15," 548,615 "," 4,573 "," 278,000 "," 2,958 ", 50.7 , 0.3 ," 270,615 "," 2,930 ", 49.3 , 0.3 ," 519,562 "," 4,878 "," 57,901 "," 2,724 ", 11.1 , 0.5 ,,,,,,,,,,,
341,PA,Pennsylvania,16," 539,710 "," 2,919 "," 262,719 "," 1,887 ", 48.7 , 0.2 ," 276,991 "," 1,865 ", 51.3 , 0.2 ," 513,587 "," 3,943 "," 64,498 "," 4,109 ", 12.6 , 0.8 ,,,,,,,,,,,
342,PA,Pennsylvania,17," 559,285 "," 6,462 "," 270,617 "," 4,014 ", 48.4 , 0.5 ," 288,668 "," 4,516 ", 51.6 , 0.5 ," 552,462 "," 6,327 "," 41,481 "," 3,672 ", 7.5 , 0.7 ,,,,,,,,,,,
343,PA,Pennsylvania,18," 544,390 "," 6,168 "," 254,384 "," 3,810 ", 46.7 , 0.5 ," 290,006 "," 4,548 ", 53.3 , 0.5 ," 522,202 "," 5,985 "," 71,545 "," 4,734 ", 13.7 , 0.9 ,,,,,,,,,,,
344,RI,Rhode Island,1," 395,409 "," 6,058 "," 188,916 "," 4,124 ", 47.8 , 0.9 ," 206,493 "," 4,922 ", 52.2 , 0.9 ," 376,196 "," 6,338 "," 49,877 "," 4,549 ", 13.3 , 1.2 ,,,,,,,,,,,
345,RI,Rhode Island,2," 407,668 "," 6,982 "," 195,852 "," 4,384 ", 48.0 , 0.7 ," 211,816 "," 4,631 ", 52.0 , 0.7 ," 391,434 "," 7,207 "," 33,551 "," 3,562 ", 8.6 , 0.9 ,,,,,,,,,,,
346,SC,South Carolina,1," 613,912 "," 6,942 "," 295,032 "," 4,465 ", 48.1 , 0.5 ," 318,880 "," 4,672 ", 51.9 , 0.5 ," 605,071 "," 6,550 "," 53,615 "," 5,615 ", 8.9 , 0.9 ,,,,,,,,,,,
347,SC,South Carolina,2," 537,342 "," 7,030 "," 255,658 "," 4,453 ", 47.6 , 0.6 ," 281,684 "," 4,799 ", 52.4 , 0.6 ," 520,411 "," 7,341 "," 57,271 "," 5,196 ", 11.0 , 1.0 ,,,,,,,,,,,
348,SC,South Carolina,3," 534,772 "," 4,868 "," 258,621 "," 3,280 ", 48.4 , 0.3 ," 276,151 "," 2,586 ", 51.6 , 0.3 ," 517,074 "," 5,325 "," 70,663 "," 6,068 ", 13.7 , 1.2 ,,,,,,,,,,,
349,SC,South Carolina,4," 533,533 "," 6,329 "," 251,842 "," 3,977 ", 47.2 , 0.4 ," 281,691 "," 3,467 ", 52.8 , 0.4 ," 518,231 "," 6,630 "," 50,729 "," 4,931 ", 9.8 , 0.9 ,,,,,,,,,,,
350,SC,South Carolina,5," 552,247 "," 4,381 "," 262,084 "," 2,807 ", 47.5 , 0.3 ," 290,163 "," 2,530 ", 52.5 , 0.3 ," 541,112 "," 4,759 "," 65,432 "," 5,713 ", 12.1 , 1.1 ,,,,,,,,,,,
351,SC,South Carolina,6," 506,843 "," 10,563 "," 241,997 "," 6,623 ", 47.7 , 0.8 ," 264,846 "," 6,763 ", 52.3 , 0.8 ," 469,768 "," 10,341 "," 95,495 "," 6,619 ", 20.3 , 1.3 ,,,,,,,,,,,
352,SC,South Carolina,7," 571,428 "," 3,454 "," 265,082 "," 2,561 ", 46.4 , 0.3 ," 306,346 "," 2,484 ", 53.6 , 0.3 ," 558,493 "," 3,958 "," 89,683 "," 6,932 ", 16.1 , 1.3 ,,,,,,,,,,,
353,SD,South Dakota,At-large," 647,089 "," 2,674 "," 323,519 "," 2,541 ", 50.0 , 0.3 ," 323,570 "," 2,557 ", 50.0 , 0.3 ," 623,323 "," 2,687 "," 73,236 "," 4,619 ", 11.7 , 0.7 ,,,,,,,,,,,
354,TN,Tennessee,1," 563,918 "," 3,157 "," 271,986 "," 2,304 ", 48.2 , 0.3 ," 291,932 "," 2,092 ", 51.8 , 0.3 ," 549,414 "," 4,316 "," 75,115 "," 5,167 ", 13.7 , 0.9 ,,,,,,,,,,,
355,TN,Tennessee,2," 583,056 "," 3,129 "," 278,806 "," 2,184 ", 47.8 , 0.2 ," 304,250 "," 2,075 ", 52.2 , 0.2 ," 568,291 "," 4,005 "," 67,235 "," 6,014 ", 11.8 , 1.0 ,,,,,,,,,,,
356,TN,Tennessee,3," 571,456 "," 3,926 "," 274,322 "," 2,765 ", 48.0 , 0.3 ," 297,134 "," 2,530 ", 52.0 , 0.3 ," 554,284 "," 4,447 "," 73,597 "," 5,867 ", 13.3 , 1.0 ,,,,,,,,,,,
357,TN,Tennessee,4," 590,540 "," 4,743 "," 284,223 "," 3,165 ", 48.1 , 0.4 ," 306,317 "," 3,170 ", 51.9 , 0.4 ," 576,455 "," 4,853 "," 71,929 "," 5,418 ", 12.5 , 0.9 ,,,,,,,,,,,
358,TN,Tennessee,5," 563,797 "," 5,435 "," 267,201 "," 3,691 ", 47.4 , 0.4 ," 296,596 "," 3,013 ", 52.6 , 0.4 ," 545,555 "," 6,250 "," 62,163 "," 5,218 ", 11.4 , 1.0 ,,,,,,,,,,,
359,TN,Tennessee,6," 591,603 "," 3,690 "," 286,118 "," 2,013 ", 48.4 , 0.3 ," 305,485 "," 3,045 ", 51.6 , 0.3 ," 580,485 "," 4,723 "," 63,405 "," 4,619 ", 10.9 , 0.8 ,,,,,,,,,,,
360,TN,Tennessee,7," 578,288 "," 3,700 "," 283,131 "," 2,537 ", 49.0 , 0.3 ," 295,157 "," 2,241 ", 51.0 , 0.3 ," 561,453 "," 3,996 "," 61,291 "," 5,044 ", 10.9 , 0.9 ,,,,,,,,,,,
361,TN,Tennessee,8," 525,277 "," 4,889 "," 252,231 "," 3,086 ", 48.0 , 0.4 ," 273,046 "," 3,307 ", 52.0 , 0.4 ," 508,600 "," 4,988 "," 59,907 "," 4,084 ", 11.8 , 0.8 ,,,,,,,,,,,
362,TN,Tennessee,9," 507,231 "," 5,835 "," 229,788 "," 3,791 ", 45.3 , 0.4 ," 277,443 "," 3,396 ", 54.7 , 0.4 ," 494,516 "," 5,872 "," 104,034 "," 7,885 ", 21.0 , 1.7 ,,,,,,,,,,,
363,TX,Texas,1," 511,974 "," 4,743 "," 243,891 "," 2,733 ", 47.6 , 0.3 ," 268,083 "," 2,911 ", 52.4 , 0.3 ," 489,794 "," 5,639 "," 66,257 "," 6,366 ", 13.5 , 1.3 ,,,,,,,,,,,
364,TX,Texas,2," 520,180 "," 17,389 "," 252,870 "," 10,292 ", 48.6 , 1.1 ," 267,310 "," 10,500 ", 51.4 , 1.1 ," 513,178 "," 17,338 "," 45,949 "," 6,107 ", 9.0 , 1.2 ,,,,,,,,,,,
365,TX,Texas,3," 563,318 "," 7,999 "," 267,900 "," 4,675 ", 47.6 , 0.4 ," 295,418 "," 4,751 ", 52.4 , 0.4 ," 559,484 "," 8,399 "," 31,157 "," 4,492 ", 5.6 , 0.8 ,,,,,,,,,,,
366,TX,Texas,4," 543,354 "," 5,315 "," 264,225 "," 3,406 ", 48.6 , 0.3 ," 279,129 "," 2,971 ", 51.4 , 0.3 ," 527,224 "," 6,145 "," 60,598 "," 5,055 ", 11.5 , 1.0 ,,,,,,,,,,,
367,TX,Texas,5," 480,610 "," 7,387 "," 237,717 "," 4,818 ", 49.5 , 0.7 ," 242,893 "," 4,964 ", 50.5 , 0.7 ," 457,691 "," 7,441 "," 49,171 "," 4,898 ", 10.7 , 1.1 ,,,,,,,,,,,
368,TX,Texas,6," 554,709 "," 11,109 "," 265,398 "," 6,613 ", 47.8 , 0.7 ," 289,311 "," 6,987 ", 52.2 , 0.7 ," 548,599 "," 11,066 "," 40,104 "," 4,702 ", 7.3 , 0.8 ,,,,,,,,,,,
369,TX,Texas,7," 448,262 "," 17,967 "," 209,156 "," 10,672 ", 46.7 , 1.2 ," 239,106 "," 10,307 ", 53.3 , 1.2 ," 447,412 "," 17,919 "," 32,347 "," 4,461 ", 7.2 , 1.0 ,,,,,,,,,,,
370,TX,Texas,8," 584,039 "," 8,995 "," 292,242 "," 5,444 ", 50.0 , 0.5 ," 291,797 "," 5,241 ", 50.0 , 0.5 ," 554,256 "," 10,002 "," 51,546 "," 5,780 ", 9.3 , 1.1 ,,,,,,,,,,,
371,TX,Texas,9," 445,634 "," 16,319 "," 211,591 "," 9,498 ", 47.5 , 1.2 ," 234,043 "," 10,169 ", 52.5 , 1.2 ," 443,690 "," 16,362 "," 60,975 "," 7,760 ", 13.7 , 1.6 ,,,,,,,,,,,
372,TX,Texas,10," 593,629 "," 15,051 "," 288,737 "," 9,089 ", 48.6 , 0.9 ," 304,892 "," 9,243 ", 51.4 , 0.9 ," 583,103 "," 14,935 "," 45,323 "," 5,926 ", 7.8 , 1.0 ,,,,,,,,,,,
373,TX,Texas,11," 542,570 "," 6,851 "," 270,606 "," 4,382 ", 49.9 , 0.5 ," 271,964 "," 4,120 ", 50.1 , 0.5 ," 524,915 "," 7,544 "," 56,229 "," 5,615 ", 10.7 , 1.0 ,,,,,,,,,,,
374,TX,Texas,12," 572,411 "," 11,504 "," 275,420 "," 8,143 ", 48.1 , 0.8 ," 296,991 "," 6,009 ", 51.9 , 0.8 ," 560,045 "," 11,963 "," 51,359 "," 6,692 ", 9.2 , 1.2 ,,,,,,,,,,,
375,TX,Texas,13," 493,390 "," 5,774 "," 251,525 "," 3,179 ", 51.0 , 0.4 ," 241,865 "," 3,680 ", 49.0 , 0.4 ," 462,703 "," 6,732 "," 54,698 "," 4,278 ", 11.8 , 0.9 ,,,,,,,,,,,
376,TX,Texas,14," 532,153 "," 6,811 "," 266,577 "," 4,336 ", 50.1 , 0.4 ," 265,576 "," 3,971 ", 49.9 , 0.4 ," 501,418 "," 7,635 "," 55,633 "," 6,290 ", 11.1 , 1.3 ,,,,,,,,,,,
377,TX,Texas,15," 435,170 "," 10,959 "," 216,790 "," 6,902 ", 49.8 , 0.8 ," 218,380 "," 6,223 ", 50.2 , 0.8 ," 423,944 "," 11,026 "," 69,316 "," 7,398 ", 16.4 , 1.7 ,,,,,,,,,,,
378,TX,Texas,16," 458,940 "," 7,531 "," 227,861 "," 4,525 ", 49.6 , 0.6 ," 231,079 "," 4,547 ", 50.4 , 0.6 ," 446,926 "," 8,078 "," 66,463 "," 6,036 ", 14.9 , 1.3 ,,,,,,,,,,,
379,TX,Texas,17," 550,601 "," 9,229 "," 266,019 "," 5,806 ", 48.3 , 0.7 ," 284,582 "," 6,349 ", 51.7 , 0.7 ," 522,495 "," 9,281 "," 86,479 "," 5,768 ", 16.6 , 1.1 ,,,,,,,,,,,
380,TX,Texas,18," 480,387 "," 17,751 "," 233,867 "," 11,698 ", 48.7 , 1.2 ," 246,520 "," 9,029 ", 51.3 , 1.2 ," 462,858 "," 16,833 "," 75,981 "," 7,084 ", 16.4 , 1.5 ,,,,,,,,,,,
381,TX,Texas,19," 509,891 "," 4,649 "," 253,073 "," 3,163 ", 49.6 , 0.4 ," 256,818 "," 3,102 ", 50.4 , 0.4 ," 478,854 "," 4,985 "," 73,898 "," 5,936 ", 15.4 , 1.2 ,,,,,,,,,,,
382,TX,Texas,20," 549,483 "," 15,793 "," 266,701 "," 10,492 ", 48.5 , 0.9 ," 282,782 "," 7,714 ", 51.5 , 0.9 ," 538,664 "," 16,051 "," 78,203 "," 7,590 ", 14.5 , 1.3 ,,,,,,,,,,,
383,TX,Texas,21," 622,228 "," 13,955 "," 300,234 "," 8,254 ", 48.3 , 0.8 ," 321,994 "," 8,651 ", 51.7 , 0.8 ," 609,561 "," 13,635 "," 62,856 "," 5,760 ", 10.3 , 0.9 ,,,,,,,,,,,
384,TX,Texas,22," 577,164 "," 14,484 "," 283,653 "," 7,829 ", 49.1 , 0.8 ," 293,511 "," 9,498 ", 50.9 , 0.8 ," 572,542 "," 14,648 "," 37,033 "," 7,807 ", 6.5 , 1.3 ,,,,,,,,,,,
385,TX,Texas,23," 507,547 "," 12,255 "," 255,762 "," 7,813 ", 50.4 , 1.0 ," 251,785 "," 8,030 ", 49.6 , 1.0 ," 495,087 "," 12,209 "," 64,674 "," 6,895 ", 13.1 , 1.4 ,,,,,,,,,,,
386,TX,Texas,24," 503,766 "," 10,913 "," 241,559 "," 7,603 ", 48.0 , 0.8 ," 262,207 "," 6,113 ", 52.0 , 0.8 ," 501,043 "," 10,945 "," 27,589 "," 4,174 ", 5.5 , 0.8 ,,,,,,,,,,,
387,TX,Texas,25," 570,238 "," 11,587 "," 286,160 "," 6,927 ", 50.2 , 0.7 ," 284,078 "," 7,073 ", 49.8 , 0.7 ," 538,733 "," 10,766 "," 49,268 "," 5,006 ", 9.1 , 0.9 ,,,,,,,,,,,
388,TX,Texas,26," 605,249 "," 8,073 "," 293,998 "," 5,758 ", 48.6 , 0.6 ," 311,251 "," 4,859 ", 51.4 , 0.6 ," 596,433 "," 8,198 "," 37,984 "," 5,516 ", 6.4 , 0.9 ,,,,,,,,,,,
389,TX,Texas,27," 517,267 "," 6,497 "," 249,089 "," 4,132 ", 48.2 , 0.5 ," 268,178 "," 4,436 ", 51.8 , 0.5 ," 504,347 "," 6,896 "," 66,523 "," 6,190 ", 13.2 , 1.2 ,,,,,,,,,,,
390,TX,Texas,28," 434,305 "," 11,134 "," 211,486 "," 7,214 ", 48.7 , 0.8 ," 222,819 "," 5,872 ", 51.3 , 0.8 ," 431,020 "," 11,192 "," 71,215 "," 6,928 ", 16.5 , 1.6 ,,,,,,,,,,,
391,TX,Texas,29," 369,239 "," 12,870 "," 184,052 "," 7,970 ", 49.8 , 1.2 ," 185,187 "," 7,646 ", 50.2 , 1.2 ," 368,373 "," 12,863 "," 53,056 "," 5,620 ", 14.4 , 1.5 ,,,,,,,,,,,
392,TX,Texas,30," 479,082 "," 11,936 "," 226,629 "," 7,811 ", 47.3 , 0.9 ," 252,453 "," 6,827 ", 52.7 , 0.9 ," 466,444 "," 11,923 "," 80,570 "," 8,511 ", 17.3 , 1.7 ,,,,,,,,,,,
393,TX,Texas,31," 602,236 "," 5,813 "," 291,279 "," 3,886 ", 48.4 , 0.4 ," 310,957 "," 3,949 ", 51.6 , 0.4 ," 588,627 "," 5,935 "," 45,276 "," 4,776 ", 7.7 , 0.8 ,,,,,,,,,,,
394,TX,Texas,32," 505,867 "," 10,389 "," 241,389 "," 6,659 ", 47.7 , 0.8 ," 264,478 "," 6,678 ", 52.3 , 0.8 ," 501,485 "," 10,397 "," 33,312 "," 3,985 ", 6.6 , 0.8 ,,,,,,,,,,,
395,TX,Texas,33," 360,226 "," 12,748 "," 177,253 "," 7,580 ", 49.2 , 1.2 ," 182,973 "," 7,871 ", 50.8 , 1.2 ," 356,444 "," 12,894 "," 57,028 "," 5,306 ", 16.0 , 1.3 ,,,,,,,,,,,
396,TX,Texas,34," 424,863 "," 9,876 "," 210,491 "," 6,216 ", 49.5 , 0.9 ," 214,372 "," 6,097 ", 50.5 , 0.9 ," 410,889 "," 10,172 "," 76,627 "," 6,478 ", 18.6 , 1.4 ,,,,,,,,,,,
397,TX,Texas,35," 532,967 "," 13,421 "," 267,072 "," 8,036 ", 50.1 , 1.0 ," 265,895 "," 8,856 ", 49.9 , 1.0 ," 519,488 "," 13,720 "," 89,634 "," 7,286 ", 17.3 , 1.3 ,,,,,,,,,,,
398,TX,Texas,36," 519,385 "," 9,934 "," 256,534 "," 6,061 ", 49.4 , 0.6 ," 262,851 "," 5,776 ", 50.6 , 0.6 ," 500,765 "," 9,912 "," 53,382 "," 4,697 ", 10.7 , 0.9 ,,,,,,,,,,,
399,UT,Utah,1," 521,517 "," 4,200 "," 261,025 "," 2,542 ", 50.1 , 0.3 ," 260,492 "," 2,743 ", 49.9 , 0.3 ," 515,287 "," 4,854 "," 40,922 "," 3,791 ", 7.9 , 0.7 ,,,,,,,,,,,
400,UT,Utah,2," 529,608 "," 7,295 "," 266,242 "," 4,825 ", 50.3 , 0.6 ," 263,366 "," 4,576 ", 49.7 , 0.6 ," 518,139 "," 7,495 "," 54,116 "," 5,689 ", 10.4 , 1.0 ,,,,,,,,,,,
401,UT,Utah,3," 517,848 "," 6,002 "," 257,021 "," 3,872 ", 49.6 , 0.5 ," 260,827 "," 3,899 ", 50.4 , 0.5 ," 505,535 "," 6,066 "," 48,167 "," 4,473 ", 9.5 , 0.9 ,,,,,,,,,,,
402,UT,Utah,4," 518,368 "," 8,401 "," 257,209 "," 5,630 ", 49.6 , 0.7 ," 261,159 "," 5,334 ", 50.4 , 0.7 ," 513,240 "," 8,412 "," 27,894 "," 4,049 ", 5.4 , 0.8 ,,,,,,,,,,,
403,VT,Vermont,At-large," 500,274 "," 2,062 "," 244,517 "," 1,696 ", 48.9 , 0.2 ," 255,757 "," 1,525 ", 51.1 , 0.2 ," 478,729 "," 1,985 "," 51,013 "," 4,008 ", 10.7 , 0.8 ,,,,,,,,,,,
404,VA,Virginia,1," 590,281 "," 8,602 "," 288,174 "," 5,593 ", 48.8 , 0.5 ," 302,107 "," 4,531 ", 51.2 , 0.5 ," 575,553 "," 8,616 "," 32,713 "," 3,639 ", 5.7 , 0.6 ,,,,,,,,,,,
405,VA,Virginia,2," 559,397 "," 6,204 "," 278,026 "," 4,590 ", 49.7 , 0.5 ," 281,371 "," 3,685 ", 50.3 , 0.5 ," 525,667 "," 6,362 "," 39,039 "," 3,965 ", 7.4 , 0.7 ,,,,,,,,,,,
406,VA,Virginia,3," 559,137 "," 7,090 "," 265,323 "," 4,317 ", 47.5 , 0.5 ," 293,814 "," 4,623 ", 52.5 , 0.5 ," 534,234 "," 7,934 "," 67,289 "," 5,599 ", 12.6 , 1.0 ,,,,,,,,,,,
407,VA,Virginia,4," 579,606 "," 9,665 "," 277,950 "," 5,814 ", 48.0 , 0.5 ," 301,656 "," 5,259 ", 52.0 , 0.5 ," 552,122 "," 9,935 "," 69,142 "," 6,671 ", 12.5 , 1.1 ,,,,,,,,,,,
408,VA,Virginia,5," 578,531 "," 7,084 "," 277,524 "," 4,490 ", 48.0 , 0.4 ," 301,007 "," 3,891 ", 52.0 , 0.4 ," 549,679 "," 8,107 "," 71,010 "," 5,306 ", 12.9 , 1.0 ,,,,,,,,,,,
409,VA,Virginia,6," 582,756 "," 4,662 "," 278,155 "," 3,355 ", 47.7 , 0.4 ," 304,601 "," 2,805 ", 52.3 , 0.4 ," 551,076 "," 5,646 "," 74,487 "," 4,871 ", 13.5 , 0.9 ,,,,,,,,,,,
410,VA,Virginia,7," 588,061 "," 8,567 "," 278,885 "," 5,222 ", 47.4 , 0.5 ," 309,176 "," 5,142 ", 52.6 , 0.5 ," 579,054 "," 8,317 "," 42,425 "," 5,025 ", 7.3 , 0.9 ,,,,,,,,,,,
411,VA,Virginia,8," 533,417 "," 10,149 "," 259,240 "," 5,662 ", 48.6 , 0.5 ," 274,177 "," 5,827 ", 51.4 , 0.5 ," 528,006 "," 10,271 "," 29,010 "," 3,486 ", 5.5 , 0.7 ,,,,,,,,,,,
412,VA,Virginia,9," 567,315 "," 4,437 "," 281,110 "," 3,259 ", 49.6 , 0.3 ," 286,205 "," 2,639 ", 50.4 , 0.3 ," 537,046 "," 4,641 "," 101,298 "," 5,782 ", 18.9 , 1.1 ,,,,,,,,,,,
413,VA,Virginia,10," 565,197 "," 8,256 "," 278,318 "," 4,546 ", 49.2 , 0.5 ," 286,879 "," 5,392 ", 50.8 , 0.5 ," 561,118 "," 8,366 "," 18,701 "," 3,074 ", 3.3 , 0.5 ,,,,,,,,,,,
414,VA,Virginia,11," 509,988 "," 10,817 "," 252,893 "," 6,774 ", 49.6 , 0.7 ," 257,095 "," 5,876 ", 50.4 , 0.7 ," 503,481 "," 10,912 "," 28,904 "," 4,144 ", 5.7 , 0.8 ,,,,,,,,,,,
415,WA,Washington,1," 519,555 "," 10,068 "," 259,298 "," 5,704 ", 49.9 , 0.6 ," 260,257 "," 6,308 ", 50.1 , 0.6 ," 513,626 "," 9,900 "," 31,799 "," 3,671 ", 6.2 , 0.7 ,,,,,,,,,,,
416,WA,Washington,2," 558,321 "," 7,945 "," 277,303 "," 5,026 ", 49.7 , 0.6 ," 281,018 "," 5,466 ", 50.3 , 0.6 ," 547,881 "," 8,366 "," 51,230 "," 4,719 ", 9.4 , 0.8 ,,,,,,,,,,,
417,WA,Washington,3," 544,994 "," 4,118 "," 267,783 "," 2,354 ", 49.1 , 0.3 ," 277,211 "," 2,650 ", 50.9 , 0.3 ," 540,961 "," 4,239 "," 46,668 "," 3,892 ", 8.6 , 0.7 ,,,,,,,,,,,
418,WA,Washington,4," 443,137 "," 5,909 "," 219,857 "," 4,253 ", 49.6 , 0.5 ," 223,280 "," 3,178 ", 50.4 , 0.5 ," 436,739 "," 6,501 "," 48,302 "," 4,782 ", 11.1 , 1.1 ,,,,,,,,,,,
419,WA,Washington,5," 551,532 "," 3,876 "," 270,788 "," 2,719 ", 49.1 , 0.3 ," 280,744 "," 2,346 ", 50.9 , 0.3 ," 528,622 "," 4,670 "," 71,510 "," 4,874 ", 13.5 , 0.9 ,,,,,,,,,,,
420,WA,Washington,6," 570,991 "," 6,932 "," 286,913 "," 4,892 ", 50.2 , 0.5 ," 284,078 "," 3,668 ", 49.8 , 0.5 ," 555,996 "," 7,412 "," 50,470 "," 4,347 ", 9.1 , 0.8 ,,,,,,,,,,,
421,WA,Washington,7," 600,321 "," 11,081 "," 299,820 "," 6,977 ", 49.9 , 0.8 ," 300,501 "," 7,341 ", 50.1 , 0.8 ," 585,893 "," 11,277 "," 51,450 "," 5,505 ", 8.8 , 0.9 ,,,,,,,,,,,
422,WA,Washington,8," 522,952 "," 10,928 "," 255,555 "," 6,770 ", 48.9 , 0.7 ," 267,397 "," 6,668 ", 51.1 , 0.7 ," 518,688 "," 10,967 "," 34,677 "," 3,550 ", 6.7 , 0.7 ,,,,,,,,,,,
423,WA,Washington,9," 499,184 "," 11,809 "," 249,316 "," 7,179 ", 49.9 , 0.7 ," 249,868 "," 6,779 ", 50.1 , 0.7 ," 492,776 "," 11,767 "," 44,073 "," 4,327 ", 8.9 , 0.9 ,,,,,,,,,,,
424,WA,Washington,10," 544,552 "," 6,928 "," 269,010 "," 4,552 ", 49.4 , 0.5 ," 275,542 "," 4,213 ", 50.6 , 0.5 ," 533,246 "," 7,050 "," 46,965 "," 4,424 ", 8.8 , 0.8 ,,,,,,,,,,,
425,WV,West Virginia,1," 486,327 "," 3,632 "," 240,272 "," 2,179 ", 49.4 , 0.3 ," 246,055 "," 2,276 ", 50.6 , 0.3 ," 467,069 "," 4,169 "," 68,380 "," 4,214 ", 14.6 , 0.9 ,,,,,,,,,,,
426,WV,West Virginia,2," 487,208 "," 3,478 "," 238,345 "," 2,344 ", 48.9 , 0.3 ," 248,863 "," 2,360 ", 51.1 , 0.3 ," 477,780 "," 3,646 "," 65,445 "," 5,947 ", 13.7 , 1.2 ,,,,,,,,,,,
427,WV,West Virginia,3," 457,623 "," 2,050 "," 222,773 "," 1,647 ", 48.7 , 0.2 ," 234,850 "," 1,353 ", 51.3 , 0.2 ," 444,168 "," 2,777 "," 88,765 "," 6,414 ", 20.0 , 1.4 ,,,,,,,,,,,
428,WI,Wisconsin,1," 539,789 "," 5,165 "," 265,317 "," 3,534 ", 49.2 , 0.5 ," 274,472 "," 3,644 ", 50.8 , 0.5 ," 527,799 "," 5,690 "," 43,388 "," 4,075 ", 8.2 , 0.8 ,,,,,,,,,,,
429,WI,Wisconsin,2," 577,976 "," 3,636 "," 282,335 "," 2,571 ", 48.8 , 0.3 ," 295,641 "," 2,104 ", 51.2 , 0.3 ," 563,251 "," 3,682 "," 59,134 "," 4,707 ", 10.5 , 0.8 ,,,,,,,,,,,
430,WI,Wisconsin,3," 566,700 "," 2,657 "," 282,813 "," 2,303 ", 49.9 , 0.3 ," 283,887 "," 1,704 ", 50.1 , 0.3 ," 539,696 "," 3,167 "," 65,049 "," 3,741 ", 12.1 , 0.7 ,,,,,,,,,,,
431,WI,Wisconsin,4," 493,143 "," 4,985 "," 231,471 "," 3,416 ", 46.9 , 0.4 ," 261,672 "," 2,775 ", 53.1 , 0.4 ," 478,705 "," 5,340 "," 89,003 "," 5,234 ", 18.6 , 1.1 ,,,,,,,,,,,
432,WI,Wisconsin,5," 558,805 "," 5,239 "," 269,326 "," 3,446 ", 48.2 , 0.4 ," 289,479 "," 3,624 ", 51.8 , 0.4 ," 548,155 "," 4,856 "," 34,963 "," 3,153 ", 6.4 , 0.6 ,,,,,,,,,,,
433,WI,Wisconsin,6," 556,485 "," 2,532 "," 279,627 "," 1,707 ", 50.2 , 0.2 ," 276,858 "," 1,769 ", 49.8 , 0.2 ," 535,367 "," 3,316 "," 44,006 "," 3,944 ", 8.2 , 0.7 ,,,,,,,,,,,
434,WI,Wisconsin,7," 552,651 "," 2,556 "," 276,779 "," 1,854 ", 50.1 , 0.2 ," 275,872 "," 1,494 ", 49.9 , 0.2 ," 542,845 "," 2,849 "," 48,200 "," 2,771 ", 8.9 , 0.5 ,,,,,,,,,,,
435,WI,Wisconsin,8," 556,205 "," 2,262 "," 275,043 "," 1,773 ", 49.4 , 0.2 ," 281,162 "," 1,756 ", 50.6 , 0.2 ," 544,705 "," 2,901 "," 41,391 "," 3,226 ", 7.6 , 0.6 ,,,,,,,,,,,
436,WY,Wyoming,At-large," 433,644 "," 2,221 "," 219,788 "," 1,828 ", 50.7 , 0.4 ," 213,856 "," 2,112 ", 49.3 , 0.4 ," 422,610 "," 2,199 "," 42,105 "," 4,741 ", 10.0 , 1.1 ,,,,,,,,,,,
,,,,,,,,,,,,,,,,,,,,,,,,,,,,,,
,,,,,,,,,,,,,,,,,,,,,,,,,,,,,,
,,,,,,,,,,,,,,,,,,,,,,,,,,,,,,
,,,,,,,,,,,,,,,,,,,,,,,,,,,,,,
,,,,,,,,,,,,,,,,,,,,,,,,,,,,,,
,,,,,,,,,,,,,,,,,,,,,,,,,,,,,,
